키워드,PC 월간검색수,모바일 월간검색수,합계,경쟁정도
중고차수출,"3,690","11,100",14790,높음
빡차중고차,"1,610","12,500",14110,낮음
폐차장,"1,860","8,990",10850,높음
자동차판매순위,"2,830","6,000",8830,높음
자동차중고부품,"2,350","6,190",8540,높음
폐차,"2,020","6,500",8520,높음
로터스에미라,650,"4,100",4750,높음
조기폐차,"1,510","3,150",4660,높음
중고차수출업체,"1,030","2,990",4020,높음
폐차장중고부품,700,"3,060",3760,높음
폐차견적,560,"3,140",3700,높음
조기폐차지원금,860,"2,720",3580,높음
노후경유차기준,420,"2,860",3280,높음
고철가격,540,"2,730",3270,높음
굴라잡이,220,"2,870",3090,중간
폐차비용,550,"2,420",2970,높음
자동차중고부품사이트,790,"2,040",2830,높음
현대경매,980,"1,680",2660,높음
자동차사고,330,"1,970",2300,높음
사고차매입,310,"1,830",2140,높음
오토바이폐차,260,"1,870",2130,높음
전손처리,440,"1,640",2080,높음
말소,400,"1,640",2040,높음
자동차매매계약서,"1,010",990,2000,높음
조기폐차보조금,500,"1,450",1950,높음
폐차서류,290,"1,640",1930,높음
중고차수출시세,410,"1,440",1850,높음
대구폐차장,550,"1,270",1820,높음
자동차폐차절차,400,"1,390",1790,높음
자동차폐차,450,"1,290",1740,높음
폐차장부품,570,"1,140",1710,높음
차량압류조회,450,"1,210",1660,높음
부산폐차장,420,"1,220",1640,높음
똥차,170,"1,460",1630,높음
막차,280,"1,330",1610,낮음
인천폐차장,400,"1,200",1600,높음
자동차수출,340,"1,240",1580,높음
자동차폐차비용,230,"1,310",1540,높음
대전폐차장,330,"1,200",1530,높음
차량조기폐차,250,"1,270",1520,높음
자동차폐차장,260,"1,220",1480,높음
중고자동차부품,410,"1,070",1480,높음
폐차부품,470,810,1280,높음
중고부품,580,600,1180,높음
울산폐차장,210,940,1150,높음
내차량조회,250,880,1130,높음
대구중고차수출,560,550,1110,높음
법원경매자동차,250,800,1050,높음
수입차중고부품,390,650,1040,높음
쏘렌토중고차,160,880,1040,높음
노후경유차폐차지원금,300,710,1010,높음
조기폐차신청,360,650,1010,높음
고철값,180,780,960,높음
서울폐차장,280,680,960,높음
자동차폐차가격,210,750,960,높음
천안폐차장,160,760,920,높음
중고차해외수출,180,720,900,높음
중고차팔때,170,720,890,높음
중고차부품,310,560,870,높음
폐차장중고부품판매,190,670,860,높음
경유차조기폐차,160,680,840,높음
노후경유차조기폐차,300,540,840,높음
노후경유차폐차,160,670,830,높음
트랙터중고,120,710,830,높음
폐차가격,200,610,810,높음
창원폐차장,200,590,790,높음
자동차압류,120,650,770,높음
미수선처리,190,560,750,높음
중고차검수,200,550,750,높음
사고차판매,130,560,690,높음
구미폐차장,140,540,680,높음
양산폐차장,160,520,680,높음
김해폐차장,140,520,660,높음
오토바이폐차장,120,540,660,높음
자동차폐차서류,110,540,650,높음
차량폐차가격,120,520,640,높음
압류차량폐차,70,540,610,높음
인천폐차장부품,100,470,570,높음
화성폐차장,150,420,570,높음
양주폐차장,140,420,560,높음
압류폐차,140,410,550,높음
노후경유차,130,410,540,높음
안성폐차장,110,430,540,높음
강릉폐차장,130,400,530,높음
모닝폐차비용,80,450,530,높음
용인폐차장,170,360,530,높음
파주폐차장,190,340,530,높음
포항폐차장,90,440,530,높음
스파크폐차비용,70,450,520,높음
중고차팔때필요서류,50,470,520,높음
경유조기폐차,100,390,490,높음
노후차량폐차지원금,140,350,490,높음
조기폐차지원,200,280,480,높음
자동차폐차방법,110,360,470,높음
자동차폐차보조금,90,380,470,높음
중고자동차수출,100,370,470,높음
군산폐차장,60,400,460,높음
이천폐차장,100,360,460,높음
익산폐차장,70,390,460,높음
차량사고,80,380,460,높음
창원중고차수출,180,270,450,높음
남양주폐차장,150,290,440,높음
자동차중고부품판매,90,350,440,높음
SM5폐차가격,60,360,420,높음
성남폐차장,120,300,420,높음
춘천폐차장,60,360,420,높음
서산폐차장,100,310,410,높음
인천중고차수출,150,260,410,높음
차량폐차,110,300,410,높음
자동차말소,100,300,400,높음
차령초과말소,180,220,400,높음
관허폐차장,110,280,390,높음
군포폐차장,170,220,390,높음
근처폐차장,20,370,390,높음
조기폐차조건,60,330,390,높음
폐차지원금,110,280,390,높음
포천폐차장,90,300,390,높음
일산폐차장,80,300,380,높음
안녕첫차중고차,60,310,370,높음
의정부폐차장,110,250,360,높음
제주폐차장,80,280,360,높음
페차,50,310,360,높음
폐차절차,100,260,360,높음
오산폐차장,120,230,350,높음
차량수출,90,260,350,높음
탑트럭,30,320,350,높음
경남폐차장,70,260,330,높음
경산폐차장,100,230,330,높음
김천폐차장,90,240,330,높음
대구폐차,70,260,330,높음
부산폐차장중고부품,60,270,330,높음
차팔기,70,260,330,높음
폐차비,70,260,330,높음
폐차시필요서류,60,270,330,높음
순천폐차장,50,270,320,높음
자동차폐차장부품,60,260,320,높음
충주폐차장,50,270,320,높음
침수차,60,260,320,높음
당진폐차장,50,260,310,높음
인천폐차,70,240,310,높음
자동차매도서류,80,230,310,높음
중고사이드미러,100,210,310,높음
중고차매도,70,240,310,높음
모닝폐차가격,40,260,300,높음
제천폐차장,30,270,300,높음
중고차파는법,50,250,300,높음
차량말소,90,210,300,높음
경주폐차장,50,240,290,높음
내차팔때서류,20,270,290,높음
부산폐차,80,210,290,높음
세종폐차장,70,220,290,높음
시흥폐차장,110,180,290,높음
잔존물,90,200,290,높음
폐차하는법,50,240,290,높음
화물차폐차장,30,260,290,높음
마산폐차장,50,230,280,높음
미수선,80,200,280,높음
폐차방법,70,210,280,높음
하남폐차장,120,160,280,높음
여주폐차장,90,180,270,높음
경기광주폐차장,40,220,260,높음
고양시폐차장,70,190,260,높음
광양폐차장,60,200,260,높음
SM5폐차,70,180,250,높음
논산폐차장,40,210,250,높음
사고차,30,220,250,높음
인천조기폐차,80,170,250,높음
차량압류,70,180,250,높음
차량중고부품,70,180,250,높음
폐차보상금,60,190,250,높음
수출중고차,60,180,240,높음
NF소나타폐차가격,50,180,230,높음
안동폐차장,40,190,230,높음
영천폐차장,40,190,230,높음
대전폐차,40,180,220,높음
러시아수출,100,120,220,높음
사천폐차장,30,190,220,높음
아반떼폐차가격,30,190,220,높음
통영폐차장,40,180,220,높음
자동차부품중고,50,160,210,높음
자동차상속,70,140,210,높음
전손차량,50,160,210,높음
화성시폐차장,40,170,210,높음
고양폐차장,80,120,200,높음
광주중고차수출,80,120,200,높음
대구페차장,20,180,200,높음
수출차,30,170,200,높음
여수폐차장,40,160,200,높음
전기차폐차,60,140,200,높음
중고차판매순위,50,150,200,높음
폐차업체,40,160,200,높음
대형차폐차장,20,170,190,높음
서울시조기폐차,80,110,190,높음
전손차량구매,30,160,190,높음
중고차폐차,30,160,190,높음
차량폐차절차,30,160,190,높음
차폐차,30,160,190,높음
공주폐차장,40,140,180,높음
모닝폐차,50,130,180,높음
속초폐차장,30,150,180,높음
양평폐차장,60,120,180,높음
왜관폐차장,30,150,180,높음
차량폐차방법,30,150,180,높음
가평폐차장,80,90,170,높음
경매자동차,50,120,170,높음
구리폐차장,80,90,170,높음
김제폐차장,20,150,170,높음
동탄폐차장,40,130,170,높음
승용차폐차가격,20,150,170,높음
아반떼HD폐차가격,30,140,170,높음
지게차폐차,80,90,170,높음
청주폐차,40,130,170,높음
강서구폐차장,60,100,160,높음
경유차등급조회,40,120,160,높음
광명폐차장,60,100,160,높음
구미중고차수출,120,40,160,높음
나주폐차장,30,130,160,높음
막차폐차,60,100,160,중간
밀양폐차장,30,130,160,높음
부안폐차장,20,140,160,높음
자동차팔때서류,10,150,160,높음
정읍폐차장,30,130,160,높음
제주도폐차장,50,110,160,높음
폐차대행,20,140,160,높음
SM3폐차,60,90,150,높음
사고차폐차,40,110,150,높음
상속폐차,50,100,150,높음
서울중기매매,10,140,150,중간
영주폐차장,10,140,150,높음
인천자동차폐차장,10,140,150,높음
정관폐차장,10,140,150,높음
체어맨폐차,70,80,150,높음
폐차견적비교,40,110,150,높음
폐차몰,40,110,150,중간
경기도폐차장,40,100,140,높음
광주폐차,30,110,140,높음
대형폐차장,20,120,140,높음
동두천폐차장,60,80,140,높음
베라크루즈조기폐차,40,100,140,높음
상주폐차장,20,120,140,높음
아반떼HD폐차,60,80,140,높음
예산폐차장,20,120,140,높음
진해폐차장,30,110,140,높음
폐차경매,20,120,140,높음
폐차시세,30,110,140,높음
교통사고폐차,10,120,130,높음
대구동구폐차장,30,100,130,높음
사고차량매입,20,110,130,높음
사고차량판매,30,100,130,높음
세종시폐차장,30,100,130,높음
양주폐차산업,20,110,130,높음
온양폐차장,20,110,130,높음
자동차매매상사,20,110,130,높음
장유폐차장,20,110,130,높음
증평폐차장,20,110,130,높음
진천폐차장,20,110,130,높음
차판매,30,100,130,높음
천안폐차,50,80,130,높음
자동차페차장,< 10,120,125,높음
고양시조기폐차,20,100,120,높음
노후경유차조기폐차지원금,60,60,120,높음
대전조기폐차,30,90,120,높음
버스폐차,20,100,120,높음
압류차폐차,30,90,120,높음
유미카중고차,20,100,120,중간
인천시조기폐차,50,70,120,높음
자동차폐차시필요서류,30,90,120,높음
창녕폐차장,10,110,120,높음
폐차신청,20,100,120,높음
경기폐차장,10,100,110,높음
고장차매입,40,70,110,높음
노원구폐차장,50,60,110,높음
디젤차량조기폐차,20,90,110,높음
버스폐차장,20,90,110,높음
부산시조기폐차,60,50,110,높음
부산조기폐차,30,80,110,높음
사고차경매,30,80,110,높음
사고차량,20,90,110,높음
스파크폐차,30,80,110,높음
아산시조기폐차,30,80,110,높음
아산시폐차장,10,100,110,높음
오피러스폐차가격,20,90,110,높음
울산폐차,30,80,110,높음
전주폐차,20,90,110,높음
해남폐차장,10,100,110,높음
4등급조기폐차지원금,20,80,100,높음
강진폐차장,10,90,100,높음
경기도광주폐차장,10,90,100,높음
과천폐차장,60,40,100,높음
남동구폐차장,10,90,100,높음
모닝폐차비,20,80,100,높음
부산자동차중고부품,10,90,100,높음
수원시폐차장,30,70,100,높음
수원폐차,30,70,100,높음
스타렉스수출,20,80,100,높음
스타렉스폐차가격,20,80,100,높음
시흥시폐차장,10,90,100,높음
은평구폐차장,50,50,100,높음
장안평폐차장,20,80,100,높음
조기페차,20,80,100,중간
조기폐차보조금조회,20,80,100,높음
차령초과폐차,30,70,100,높음
폐차값,20,80,100,높음
폐차수출,20,80,100,높음
폐차필요서류,20,80,100,높음
폐차하는방법,20,80,100,높음
함안폐차장,20,80,100,높음
안중폐차장,< 10,90,95,높음
SM5수출,10,80,90,높음
경유차폐차지원금,20,70,90,높음
구로구폐차장,60,30,90,높음
녹산폐차장,10,80,90,높음
도봉구폐차장,60,30,90,높음
문막폐차장,10,80,90,높음
보령폐차장,20,70,90,높음
부산남구폐차장,20,70,90,높음
부산자동차폐차장,10,80,90,높음
사고차수리,10,80,90,높음
서천폐차장,10,80,90,높음
성주폐차장,10,80,90,높음
수입차폐차,20,70,90,높음
수출폐차,20,70,90,높음
스쿠터폐차,20,70,90,높음
스파크폐차비,10,80,90,높음
스피드폐차,40,50,90,높음
영종도폐차장,10,80,90,중간
의왕폐차장,50,40,90,높음
인천조기폐차지원금,20,70,90,높음
장안동폐차장,20,70,90,높음
조기폐차대상,20,70,90,높음
평택폐차,10,80,90,높음
폐차금액,30,60,90,높음
홍천폐차장,20,70,90,높음
화물차폐차,20,70,90,높음
화성시조기폐차지원금,30,60,90,높음
문제차폐차,< 10,80,85,높음
4등급차량조기폐차,20,60,80,높음
SM3폐차비,20,60,80,높음
경유조기폐차지원금,20,60,80,높음
금산폐차장,10,70,80,높음
기장폐차장,10,70,80,높음
노후차량폐차,20,60,80,높음
대구자동차수출,40,40,80,높음
대구자동차폐차장,10,70,80,높음
대구조기폐차,30,50,80,높음
무안폐차장,10,70,80,높음
부산강서구폐차장,10,70,80,높음
서울시폐차장,20,60,80,높음
성환폐차장,10,70,80,높음
신아폐차장,20,60,80,낮음
안산폐차,20,60,80,높음
양주시폐차장,20,60,80,높음
옥천폐차장,20,60,80,높음
윈스톰조기폐차,10,70,80,높음
전기차수출,30,50,80,높음
조기폐차서류,10,70,80,높음
조기폐차절차,20,60,80,높음
진주시폐차장,10,70,80,높음
칠곡폐차장,20,60,80,높음
태안폐차장,10,70,80,높음
폐차고철값,20,60,80,높음
폐차조회,30,50,80,높음
포항중고차수출,20,60,80,높음
하루폐차,30,50,80,낮음
화물차수출,10,70,80,높음
화물차조기폐차,20,60,80,높음
삼척폐차장,< 10,70,75,높음
1톤클럽,10,60,70,높음
계룡폐차장,10,60,70,높음
고성폐차장,10,60,70,높음
금천구폐차장,40,30,70,높음
남동공단폐차장,10,60,70,중간
노후차조기폐차,20,50,70,높음
디젤차조기폐차,10,60,70,높음
마티즈폐차,10,60,70,높음
법인차량폐차,20,50,70,높음
부산사하구폐차장,10,60,70,높음
성동구폐차장,50,20,70,높음
세강폐차장,20,50,70,중간
수입차폐차장,20,50,70,높음
싼타페CM조기폐차,10,60,70,높음
양재동중고차,10,60,70,높음
양천구폐차장,50,20,70,높음
오창폐차장,20,50,70,높음
인천서구폐차장,10,60,70,높음
자동차조기폐차,40,30,70,높음
자동차폐차보상금,10,60,70,높음
정왕동폐차장,10,60,70,높음
제주시폐차장,10,60,70,높음
조기폐차비용,10,60,70,높음
조기폐차지원금조회,20,50,70,높음
조치원폐차장,10,60,70,중간
중고차매각,30,40,70,높음
중고차수출단지,30,40,70,높음
중고차폐차가격,10,60,70,높음
진영폐차장,10,60,70,중간
차량폐차비용,20,50,70,높음
차폐차방법,10,60,70,높음
창원폐차,10,60,70,높음
청주시폐차장,10,60,70,높음
충북폐차장,10,60,70,높음
평택시폐차장,10,60,70,높음
폐차말소,20,50,70,높음
폐차보조금,10,60,70,높음
폐차시서류,10,60,70,높음
폐차용품,20,50,70,높음
하남시폐차장,30,40,70,높음
횡성폐차장,10,60,70,높음
SM3폐차가격,< 10,60,65,높음
달서구폐차장,< 10,60,65,높음
대전시조기폐차,< 10,60,65,높음
장흥폐차장,< 10,60,65,높음
4등급조기폐차,20,40,60,높음
SM3수출,20,40,60,높음
강동구폐차장,30,30,60,높음
강북구폐차장,40,20,60,높음
구미시조기폐차,10,50,60,높음
구미시폐차장,10,50,60,높음
김포시폐차장,20,40,60,높음
남양주시폐차장,10,50,60,높음
대구북구폐차장,10,50,60,높음
동탄폐차,10,50,60,높음
동해시폐차장,10,50,60,높음
마티즈폐차가격,10,50,60,높음
베라크루즈폐차,20,40,60,높음
부산동부폐차장,10,50,60,중간
부산북구폐차장,10,50,60,높음
부산자동차수출,10,50,60,높음
부산중앙종합폐차장,10,50,60,중간
부천폐차,10,50,60,높음
사고차매매,30,30,60,높음
성북구폐차장,50,10,60,높음
성진폐차장,10,50,60,낮음
세종시조기폐차,20,40,60,높음
소나타폐차가격,10,50,60,높음
스타리아수출,10,50,60,높음
양주폐차,10,50,60,높음
용인폐차,20,40,60,높음
울산남구폐차장,10,50,60,높음
자동차폐차시서류,10,50,60,높음
잔존물경매,30,30,60,높음
전국폐차장,20,40,60,높음
전남폐차장,20,40,60,높음
중고레미콘,20,40,60,높음
중고수출차,10,50,60,높음
차량번호시세조회,20,40,60,높음
차량폐차서류,20,40,60,높음
차령초과말소폐차,10,50,60,높음
차폐차비용,10,50,60,높음
천안조기폐차,10,50,60,높음
카니발폐차,10,50,60,높음
폐차과정,10,50,60,높음
폐차신고,20,40,60,높음
폐차확인,20,40,60,높음
구미폐차,< 10,50,55,높음
대구달서구폐차장,< 10,50,55,높음
디젤조기폐차,< 10,50,55,높음
부평폐차장,< 10,50,55,높음
사고차수출,< 10,50,55,높음
아반떼XD폐차가격,< 10,50,55,높음
압류차량수출,< 10,50,55,중간
에쿠스폐차비용,< 10,50,55,높음
울산북구폐차장,< 10,50,55,높음
함창폐차장,< 10,50,55,높음
강제폐차,10,40,50,높음
경북폐차장,10,40,50,높음
경유차량조기폐차,10,40,50,높음
경유차폐차,10,40,50,높음
광명시조기폐차,10,40,50,높음
광명시폐차장,20,30,50,높음
광진구폐차장,40,10,50,높음
구리시폐차장,30,20,50,높음
국산차중고부품,20,30,50,높음
굴삭기폐차장,10,40,50,높음
그랜드카니발조기폐차,10,40,50,높음
김포폐차,10,40,50,높음
남양주폐차,20,30,50,높음
노후차폐차,10,40,50,높음
대구관허폐차장,10,40,50,높음
대전종합폐차,10,40,50,높음
드림폐차,10,40,50,중간
봉고3조기폐차,10,40,50,높음
부산관허폐차장,10,40,50,높음
부산해운대구폐차장,10,40,50,높음
분당폐차장,10,40,50,높음
성남시폐차장,20,30,50,높음
송파구폐차장,30,20,50,높음
시흥폐차,10,40,50,높음
아반떼수출,10,40,50,높음
안산시폐차장,10,40,50,높음
안양폐차,10,40,50,높음
언양폐차장,10,40,50,높음
오산시폐차장,10,40,50,높음
의정부폐차,20,30,50,높음
이천시폐차장,10,40,50,높음
인천시조기폐차지원금,10,40,50,높음
일산폐차,10,40,50,높음
전주시폐차장,10,40,50,높음
조기폐차방법,10,40,50,높음
중고차수출절차,10,40,50,높음
중고차파는방법,10,40,50,높음
중랑구폐차장,20,30,50,높음
차량매입,20,30,50,높음
창원시폐차장,10,40,50,높음
청도폐차장,10,40,50,높음
태창폐차장,10,40,50,중간
토스카폐차,10,40,50,높음
파주시폐차장,10,40,50,높음
파주폐차,10,40,50,높음
폐차사이트,10,40,50,높음
강릉시폐차장,< 10,40,45,높음
거제시폐차장,< 10,40,45,높음
공도폐차장,< 10,40,45,높음
굴삭기폐차,< 10,40,45,높음
당진시조기폐차,< 10,40,45,중간
부산시폐차장,< 10,40,45,높음
산청폐차장,< 10,40,45,높음
삼정폐차장,< 10,40,45,중간
시화폐차장,< 10,40,45,높음
아반떼MD폐차비,< 10,40,45,높음
영천시조기폐차,< 10,40,45,높음
울주군폐차장,< 10,40,45,높음
인제폐차장,< 10,40,45,높음
자동차수출가격,< 10,40,45,높음
제주폐차,< 10,40,45,높음
중부폐차장,< 10,40,45,높음
중장비폐차장,< 10,40,45,높음
청주조기폐차,< 10,40,45,높음
폐차구매,< 10,40,45,높음
폐차문의,< 10,40,45,높음
폐차처리방법,< 10,40,45,높음
NF소나타폐차,10,30,40,높음
YF소나타폐차,10,30,40,높음
가나폐차장,10,30,40,높음
강남구폐차장,20,20,40,높음
건설기계폐차,30,10,40,높음
건설기계폐차장,10,30,40,높음
경남폐차산업,10,30,40,중간
관악구폐차장,20,20,40,높음
군포시폐차장,20,20,40,높음
금정구폐차장,10,30,40,높음
당진폐차,10,30,40,높음
대구서구폐차장,10,30,40,높음
모하비폐차,10,30,40,높음
부산자동차부품,10,30,40,중간
서울폐차,10,30,40,높음
성태폐차장,10,30,40,높음
수출차량,10,30,40,높음
스타렉스조기폐차,10,30,40,높음
시흥시조기폐차,10,30,40,높음
아반떼폐차비용,10,30,40,높음
안양시폐차장,10,30,40,높음
영등포폐차장,20,20,40,높음
오산폐차,10,30,40,높음
용인시조기폐차,10,30,40,높음
용인시폐차장,10,30,40,높음
울산조기폐차,10,30,40,높음
원주폐차,10,30,40,높음
의성폐차장,10,30,40,높음
자동차압류폐차,10,30,40,높음
전기차폐차장,10,30,40,높음
제주도폐차,10,30,40,높음
중고차내차팔기,10,30,40,높음
지게차폐차장,10,30,40,높음
카라반폐차,10,30,40,높음
폐차장사이트,10,30,40,높음
포터폐차비,10,30,40,높음
포항시조기폐차,20,20,40,높음
포항조기폐차,20,20,40,높음
포항폐차,10,30,40,높음
해미폐차장,10,30,40,높음
강남폐차장,< 10,30,35,높음
강동구폐차,< 10,30,35,높음
경기광주폐차,< 10,30,35,높음
경기폐차,< 10,30,35,높음
광주자동차폐차장,< 10,30,35,높음
구리시조기폐차,< 10,30,35,높음
군산중고차수출,< 10,30,35,높음
군산폐차,< 10,30,35,높음
김천시폐차장,< 10,30,35,높음
김해조기폐차,< 10,30,35,높음
달성군폐차장,< 10,30,35,높음
당진조기폐차,< 10,30,35,높음
당진중고차매매,< 10,30,35,높음
대구시폐차장,< 10,30,35,높음
대전자동차폐차장,< 10,30,35,높음
대형차폐차,< 10,30,35,높음
동강폐차장,< 10,30,35,높음
라세티프리미어폐차,< 10,30,35,높음
마티즈폐차비용,< 10,30,35,높음
법인차폐차,< 10,30,35,높음
부산금정구폐차장,< 10,30,35,높음
부산사상구폐차장,< 10,30,35,높음
부산지역폐차장,< 10,30,35,높음
부천자동차폐차장,< 10,30,35,높음
사상구폐차장,< 10,30,35,높음
사천시폐차장,< 10,30,35,높음
서산시폐차장,< 10,30,35,높음
성남폐차,< 10,30,35,높음
수원자동차폐차장,< 10,30,35,높음
스타렉스폐차비,< 10,30,35,높음
승용차폐차비용,< 10,30,35,높음
신한폐차장,< 10,30,35,중간
압류차수출,< 10,30,35,중간
양산시폐차장,< 10,30,35,높음
양산폐차,< 10,30,35,높음
여수폐차,< 10,30,35,높음
울산시폐차장,< 10,30,35,낮음
이화산업폐차장,< 10,30,35,높음
익산시폐차장,< 10,30,35,높음
인천자동차수출,< 10,30,35,높음
인천폐차장중고부품,< 10,30,35,중간
자동차수출시세,< 10,30,35,높음
종로구폐차장,30,< 10,35,높음
진접폐차장,< 10,30,35,높음
청주자동차폐차장,< 10,30,35,높음
춘천폐차,< 10,30,35,높음
침수차판매,< 10,30,35,높음
트럭폐차,< 10,30,35,높음
트럭폐차장,< 10,30,35,높음
폐차가격조회,< 10,30,35,높음
폐차견인,< 10,30,35,높음
폐차부품구입,< 10,30,35,높음
폐차사업소,< 10,30,35,높음
폐차처리,< 10,30,35,높음
(주)이화산업,20,10,30,높음
군산시폐차장,10,20,30,높음
그랜저TG폐차가격,10,20,30,높음
김해폐차,10,20,30,높음
남양주시조기폐차,10,20,30,높음
노후차량,10,20,30,높음
노후차폐차지원금,10,20,30,높음
노후폐차,10,20,30,높음
대전시폐차장,10,20,30,높음
동대문구폐차장,10,20,30,높음
매연저감장치폐차,10,20,30,높음
버스수출,10,20,30,높음
베라크루즈폐차비,10,20,30,높음
부산자동차폐차,10,20,30,높음
성남시조기폐차,10,20,30,높음
성우폐차장,10,20,30,중간
소나타폐차,10,20,30,높음
수원조기폐차,10,20,30,높음
스포티지조기폐차,10,20,30,높음
신정폐차장,10,20,30,높음
아산폐차,10,20,30,높음
안성시폐차장,10,20,30,높음
안성폐차,10,20,30,높음
압류차,10,20,30,높음
압류차량,10,20,30,높음
여주시폐차장,10,20,30,높음
윈스톰폐차,10,20,30,높음
정선폐차장,10,20,30,높음
창원시조기폐차,10,20,30,높음
창원조기폐차,10,20,30,높음
천안시폐차장,10,20,30,높음
침수차량,10,20,30,높음
폐차후기,10,20,30,높음
하남시조기폐차,10,20,30,높음
화성시조기폐차,10,20,30,높음
1톤트럭조기폐차,< 10,20,25,높음
SM520폐차가격,< 10,20,25,높음
SM5폐차비,< 10,20,25,높음
경기광주조기폐차,< 10,20,25,높음
경산시폐차장,< 10,20,25,높음
계양구폐차장,< 10,20,25,높음
고양시조기폐차지원금,< 10,20,25,높음
공주시폐차장,< 10,20,25,높음
광양시폐차장,< 10,20,25,높음
구로폐차장,< 10,20,25,높음
구미자동차폐차장,< 10,20,25,높음
군산조기폐차,< 10,20,25,높음
근저당폐차,< 10,20,25,높음
김천폐차,< 10,20,25,높음
김포시조기폐차지원금,< 10,20,25,높음
김포조기폐차,< 10,20,25,높음
당일폐차,< 10,20,25,높음
대구수성구폐차장,< 10,20,25,높음
대구자동차폐차,< 10,20,25,높음
덤프트럭폐차,< 10,20,25,높음
보은폐차장,< 10,20,25,높음
부산동래구폐차장,< 10,20,25,높음
부산수영구폐차장,< 10,20,25,높음
비봉폐차장,< 10,20,25,높음
사망자자동차폐차,< 10,20,25,높음
사상폐차장,< 10,20,25,높음
서산폐차,< 10,20,25,높음
성남시폐차,< 10,20,25,높음
수출중고차시세,< 10,20,25,높음
스타렉스폐차비용,< 10,20,25,높음
승용차폐차,< 10,20,25,높음
신일폐차장,< 10,20,25,높음
신탄진폐차장,< 10,20,25,높음
안동시폐차장,< 10,20,25,높음
안산시조기폐차,< 10,20,25,높음
안산자동차폐차장,< 10,20,25,높음
안산조기폐차,< 10,20,25,높음
안성시조기폐차,< 10,20,25,높음
압류자동차폐차,< 10,20,25,높음
연합폐차장,< 10,20,25,높음
영천시폐차장,< 10,20,25,높음
영통폐차장,< 10,20,25,높음
울산자동차폐차장,< 10,20,25,높음
의령폐차장,< 10,20,25,높음
의정부조기폐차,< 10,20,25,높음
이천폐차,< 10,20,25,높음
인선폐차장,< 10,20,25,낮음
인천관허폐차장,< 10,20,25,높음
인천시폐차장,< 10,20,25,높음
자동차폐차대행,< 10,20,25,높음
자동차폐차비,< 10,20,25,높음
자유로폐차장,< 10,20,25,중간
장안동폐차,< 10,20,25,높음
장한평폐차장,< 10,20,25,중간
저감장치폐차,< 10,20,25,높음
저당폐차,< 10,20,25,높음
전주시조기폐차,< 10,20,25,높음
제주조기폐차,< 10,20,25,높음
조기폐차대행,< 10,20,25,높음
조기폐차인천,< 10,20,25,높음
죽산폐차장,< 10,20,25,높음
중고차폐차수출,< 10,20,25,높음
중고화물차수출,< 10,20,25,높음
진주폐차,< 10,20,25,높음
천안자동차폐차장,< 10,20,25,높음
춘천조기폐차,< 10,20,25,높음
충주시폐차장,< 10,20,25,높음
택시수출,< 10,20,25,높음
투싼폐차가격,< 10,20,25,높음
파주시조기폐차,< 10,20,25,높음
평창폐차장,< 10,20,25,높음
평택조기폐차,< 10,20,25,높음
폐차대행업체,< 10,20,25,높음
폐차비교견적,< 10,20,25,높음
폐차장중고,< 10,20,25,높음
폐차장추천,< 10,20,25,낮음
폐차하기,< 10,20,25,높음
폐차하려면,< 10,20,25,높음
포천시조기폐차,< 10,20,25,높음
포천시폐차장,< 10,20,25,높음
포크레인폐차,< 10,20,25,높음
한정승인폐차,< 10,20,25,높음
해운대폐차장,< 10,20,25,높음
현풍폐차장,< 10,20,25,중간
강서구폐차,10,10,20,높음
강원도폐차장,10,10,20,높음
경남폐차,10,10,20,높음
경산폐차,10,10,20,높음
고양시폐차,10,10,20,높음
광주광역시폐차,10,10,20,높음
구급차수출,10,10,20,높음
군포폐차,10,10,20,높음
김천시조기폐차,10,10,20,높음
노후차량조기폐차,10,10,20,높음
덕양폐차,10,10,20,높음
도봉구폐차,10,10,20,높음
라세티폐차,10,10,20,높음
법인차량폐차서류,10,10,20,높음
부산중앙폐차장,10,10,20,중간
부천시폐차장,10,10,20,높음
상주시폐차장,10,10,20,높음
서대문구폐차장,10,10,20,높음
서울조기폐차,10,10,20,높음
세종폐차,10,10,20,높음
아반떼XD수출,10,10,20,높음
아반떼XD폐차,10,10,20,높음
양천구폐차,10,10,20,높음
울산자동차폐차,10,10,20,높음
은평구폐차,10,10,20,높음
의정부시폐차장,10,10,20,높음
일반폐차,10,10,20,높음
자동차폐차견적,10,10,20,높음
자동차폐차업체,10,10,20,높음
전손차매입,10,10,20,높음
중고차수출폐차,10,10,20,높음
중장비폐차,10,10,20,높음
차량폐차확인,10,10,20,높음
폐차부품판매,10,10,20,높음
헤이맨중고차,10,10,20,중간
화성시폐차,10,10,20,높음
화성폐차,10,10,20,높음
1톤트럭폐차,< 10,10,15,높음
1톤폐차,< 10,10,15,높음
1톤화물차폐차,< 10,10,15,높음
BMW폐차장,< 10,10,15,높음
I40수출,< 10,10,15,높음
SM520폐차,< 10,10,15,높음
SM7폐차비,< 10,10,15,높음
가스차폐차,< 10,10,15,낮음
강릉폐차,< 10,10,15,높음
경기도광주시폐차장,< 10,10,15,높음
경기도광주폐차,< 10,10,15,높음
경기도조기폐차,< 10,10,15,높음
경유폐차지원금,< 10,10,15,높음
경인폐차장,< 10,10,15,높음
경주시폐차장,< 10,10,15,높음
경차폐차,< 10,10,15,높음
고양폐차,< 10,10,15,높음
곤지암폐차,< 10,10,15,높음
공주시조기폐차,< 10,10,15,높음
광명조기폐차,10,< 10,15,높음
광명폐차,< 10,10,15,높음
광양시조기폐차,< 10,10,15,높음
광양조기폐차,< 10,10,15,중간
광양폐차,< 10,10,15,높음
광주시폐차장,< 10,10,15,높음
광주자동차폐차,< 10,10,15,높음
구로구폐차,10,< 10,15,높음
구리시폐차,< 10,10,15,높음
구리폐차,< 10,10,15,높음
구미자동차폐차,< 10,10,15,낮음
구미조기폐차,< 10,10,15,높음
군포시조기폐차,< 10,10,15,높음
금천구폐차,10,< 10,15,높음
김포시조기폐차,< 10,10,15,높음
김해시폐차장,< 10,10,15,높음
달서구폐차,< 10,10,15,높음
대구달서구폐차,< 10,10,15,낮음
대구동구폐차,< 10,10,15,높음
대구시조기폐차,< 10,10,15,높음
대구지게차폐차,10,< 10,15,높음
대영폐차장,< 10,10,15,중간
대전자동차폐차,< 10,10,15,높음
대형화물차폐차,< 10,10,15,낮음
덕양폐차장,< 10,10,15,높음
디젤차폐차,< 10,10,15,높음
렉스턴폐차비,< 10,10,15,높음
마티즈수출,< 10,10,15,낮음
목포시조기폐차,< 10,10,15,높음
목포폐차,< 10,10,15,높음
밀양조기폐차,< 10,10,15,높음
방치차폐차,< 10,10,15,낮음
벤츠폐차,< 10,10,15,높음
보령시조기폐차,< 10,10,15,낮음
보령시폐차장,< 10,10,15,높음
부산중고차부품,< 10,10,15,높음
부천시조기폐차,< 10,10,15,높음
부천조기폐차,< 10,10,15,높음
부평구폐차장,< 10,10,15,높음
북구폐차장,< 10,10,15,낮음
분당폐차,< 10,10,15,높음
서울시경유차조기폐차,< 10,10,15,높음
세종시폐차,< 10,10,15,높음
소나타폐차비,< 10,10,15,높음
송파구폐차,< 10,10,15,높음
송파폐차장,< 10,10,15,높음
수원관허폐차장,< 10,10,15,낮음
수원시조기폐차,< 10,10,15,높음
수원시폐차,< 10,10,15,높음
수출자동차,< 10,10,15,높음
수출차가격,< 10,10,15,높음
순천시폐차장,< 10,10,15,높음
순천폐차,< 10,10,15,높음
스포티지폐차가격,< 10,10,15,높음
시동안걸리는차폐차,< 10,10,15,낮음
시흥시폐차,< 10,10,15,높음
시흥조기폐차,< 10,10,15,높음
싼타페폐차가격,< 10,10,15,높음
안동폐차,< 10,10,15,높음
양산조기폐차,< 10,10,15,높음
양주시조기폐차,< 10,10,15,높음
여수시폐차장,< 10,10,15,높음
연수구폐차장,< 10,10,15,높음
연식폐차,< 10,10,15,높음
연천군폐차장,< 10,10,15,낮음
영동폐차장,< 10,10,15,높음
영종도폐차,< 10,10,15,높음
예산군폐차장,< 10,10,15,높음
오산시조기폐차,< 10,10,15,높음
오산시폐차,< 10,10,15,높음
옥천군폐차장,< 10,10,15,낮음
올뉴모닝폐차,< 10,10,15,높음
완주군폐차장,< 10,10,15,높음
외제차폐차,< 10,10,15,높음
외제차폐차장,< 10,10,15,높음
용인자동차폐차장,< 10,10,15,높음
용인조기폐차,< 10,10,15,높음
음성군조기폐차,< 10,10,15,높음
음성군폐차장,< 10,10,15,높음
의왕시폐차장,< 10,10,15,높음
익산폐차,< 10,10,15,높음
인천수출차,< 10,10,15,높음
인천자동차폐차,< 10,10,15,높음
인천조기폐차보조금,< 10,10,15,높음
일광폐차장,< 10,10,15,낮음
자동차고철값,< 10,10,15,높음
자동차잔존물,< 10,10,15,높음
자동차폐차금액,< 10,10,15,높음
자동차폐차기준,< 10,10,15,높음
자동차폐차말소,< 10,10,15,높음
자동차폐차지원금,< 10,10,15,높음
전국폐차,< 10,10,15,높음
전손차량판매,< 10,10,15,높음
전손차판매,< 10,10,15,높음
전주조기폐차,< 10,10,15,높음
제네시스경매,< 10,10,15,높음
제주도조기폐차,< 10,10,15,높음
제주시폐차,< 10,10,15,높음
제천폐차,10,< 10,15,높음
조기폐차가격,< 10,10,15,높음
조기폐차대상확인,10,< 10,15,높음
조기폐차장,< 10,10,15,높음
주말폐차,< 10,10,15,중간
중고자동차딜러,< 10,10,15,높음
중고자동차수출절차,< 10,10,15,높음
중고차수출업자,< 10,10,15,높음
중고차처분,< 10,10,15,높음
중고폐차,< 10,10,15,낮음
중고폐차장,< 10,10,15,높음
중기폐차장,< 10,10,15,낮음
중랑구폐차,< 10,10,15,높음
중장비수출,< 10,10,15,높음
진천군폐차장,< 10,10,15,높음
차량조기폐차지원금,< 10,10,15,높음
차량폐차장,< 10,10,15,높음
창원시폐차,< 10,10,15,낮음
청주시조기폐차,< 10,10,15,높음
청주자동차폐차,< 10,10,15,높음
체납차량폐차,< 10,10,15,높음
춘천시폐차장,< 10,10,15,높음
침수차폐차,< 10,10,15,높음
탑차폐차,< 10,10,15,높음
태역폐차장,< 10,10,15,낮음
테라칸수출,< 10,10,15,높음
트위지폐차,< 10,10,15,높음
파주조기폐차,< 10,10,15,높음
폐차가격비교,< 10,10,15,높음
폐차매입,< 10,10,15,높음
폐차보상,< 10,10,15,높음
폐차비많이주는곳,< 10,10,15,낮음
폐차산업,< 10,10,15,높음
폐차상담,< 10,10,15,높음
폐차장중고차,< 10,10,15,중간
폐차장허가,< 10,10,15,높음
폐차전문,< 10,10,15,낮음
폐차추천,< 10,10,15,높음
폐차판매,< 10,10,15,높음
포항시폐차장,< 10,10,15,높음
하남폐차,< 10,10,15,높음
해운대폐차,< 10,10,15,높음
1톤조기폐차,< 10,< 10,10,낮음
1톤트럭폐차비,< 10,< 10,10,낮음
1톤화물차조기폐차,< 10,< 10,10,낮음
5등급경유차조기폐차,< 10,< 10,10,높음
5등급경유차폐차,< 10,< 10,10,낮음
LPG폐차,< 10,< 10,10,높음
NF소나타폐차비용,< 10,< 10,10,높음
가인폐차장,< 10,< 10,10,낮음
가평군조기폐차,< 10,< 10,10,낮음
가평폐차,< 10,< 10,10,높음
강남구폐차,< 10,< 10,10,높음
경기도관허폐차장,< 10,< 10,10,높음
경기도폐차,< 10,< 10,10,높음
관악구폐차,< 10,< 10,10,높음
관허폐차,< 10,< 10,10,높음
광명시폐차,< 10,< 10,10,높음
구급차폐차,< 10,< 10,10,높음
그랜져TG수출,< 10,< 10,10,높음
김해자동차폐차,< 10,< 10,10,높음
남동폐차장,< 10,< 10,10,높음
남양주시폐차,< 10,< 10,10,높음
남양주조기폐차,< 10,< 10,10,높음
내차량가격조회,< 10,< 10,10,낮음
내차량등급조회,< 10,< 10,10,높음
노원구폐차,< 10,< 10,10,높음
노후차량지원,< 10,< 10,10,높음
논산폐차,< 10,< 10,10,높음
대구광역시조기폐차,< 10,< 10,10,높음
대전서구폐차장,< 10,< 10,10,중간
동두천폐차,< 10,< 10,10,높음
디젤차량폐차,< 10,< 10,10,높음
목포조기폐차,< 10,< 10,10,낮음
무료폐차,< 10,< 10,10,높음
무쏘조기폐차,< 10,< 10,10,높음
밀양시폐차장,< 10,< 10,10,낮음
버스조기폐차,< 10,< 10,10,높음
법인자동차폐차,< 10,< 10,10,높음
법인폐차,< 10,< 10,10,높음
보람폐차,< 10,< 10,10,낮음
보령폐차,< 10,< 10,10,높음
부산시폐차,< 10,< 10,10,높음
부산압류폐차,< 10,< 10,10,높음
부산차량폐차,< 10,< 10,10,높음
부천시폐차,< 10,< 10,10,높음
부천페차장,< 10,< 10,10,낮음
사고오토바이매입,< 10,< 10,10,높음
사고차량경매,< 10,< 10,10,높음
사고차량매매,< 10,< 10,10,높음
사망자폐차,< 10,< 10,10,높음
상속차폐차,< 10,< 10,10,낮음
서귀포폐차,< 10,< 10,10,높음
서울시관허폐차장,< 10,< 10,10,높음
서울시폐차,< 10,< 10,10,높음
서울자동차폐차,< 10,< 10,10,높음
서울자동차폐차장,< 10,< 10,10,높음
서초구폐차,< 10,< 10,10,높음
성남시조기폐차지원금,< 10,< 10,10,높음
성남조기폐차,< 10,< 10,10,높음
성남폐차산업사,< 10,< 10,10,중간
성동구폐차,< 10,< 10,10,높음
성북구폐차,< 10,< 10,10,높음
성수동폐차장,< 10,< 10,10,낮음
송파폐차,< 10,< 10,10,높음
수도권폐차장,< 10,< 10,10,높음
수영구폐차장,< 10,< 10,10,높음
수원시조기폐차지원금,< 10,< 10,10,높음
수원자동차폐차,< 10,< 10,10,높음
수출용중고차,< 10,< 10,10,높음
스마트폐차,< 10,< 10,10,낮음
스포티지폐차비,< 10,< 10,10,낮음
승용차폐차비,< 10,< 10,10,높음
시흥시조기폐차지원금,< 10,< 10,10,중간
쏘울폐차비,< 10,< 10,10,높음
아반떼XD폐차비,< 10,< 10,10,낮음
안산시폐차,< 10,< 10,10,높음
안양시조기폐차,< 10,< 10,10,높음
안양시조기폐차지원금,< 10,< 10,10,중간
안양시폐차,< 10,< 10,10,높음
안양조기폐차,< 10,< 10,10,높음
알티마폐차,< 10,< 10,10,높음
압류자동차,< 10,< 10,10,높음
양주시폐차,< 10,< 10,10,높음
양주조기폐차,< 10,< 10,10,낮음
양평군조기폐차,< 10,< 10,10,높음
양평군폐차장,< 10,< 10,10,높음
양평폐차,< 10,< 10,10,높음
연제구폐차장,< 10,< 10,10,높음
영등포구폐차장,< 10,< 10,10,높음
영등포폐차,< 10,< 10,10,높음
영생폐차장,< 10,< 10,10,중간
영천폐차,< 10,< 10,10,높음
오산조기폐차,< 10,< 10,10,높음
오피러스폐차비,< 10,< 10,10,낮음
용인시조기폐차지원금,< 10,< 10,10,높음
용인시폐차,< 10,< 10,10,높음
인천경유차조기폐차,< 10,< 10,10,낮음
인천서구폐차,< 10,< 10,10,낮음
인터넷폐차장,< 10,< 10,10,높음
일산조기폐차,< 10,< 10,10,낮음
자가용폐차,< 10,< 10,10,높음
자동차수출단가표,< 10,< 10,10,높음
자동차수출방법,< 10,< 10,10,높음
자동차페차,< 10,< 10,10,낮음
자동차폐차신청,< 10,< 10,10,높음
자동차폐차처리,< 10,< 10,10,낮음
재규어폐차,< 10,< 10,10,높음
전손차량경매,< 10,< 10,10,높음
전주관허폐차장,< 10,< 10,10,높음
전주자동차폐차,< 10,< 10,10,높음
정왕동폐차,< 10,< 10,10,높음
조기폐차보상금,< 10,< 10,10,높음
조기폐차예약,< 10,< 10,10,낮음
조기폐차정부지원금,< 10,< 10,10,높음
조기폐차지원금액,< 10,< 10,10,높음
조기폐차폐차장,< 10,< 10,10,높음
중고차조기폐차,< 10,< 10,10,높음
중고차폐차비용,< 10,< 10,10,낮음
중고차헤이맨,< 10,< 10,10,낮음
중기폐차,< 10,< 10,10,낮음
진해구폐차장,< 10,< 10,10,높음
차량초과말소,< 10,< 10,10,높음
차량폐차금액,< 10,< 10,10,낮음
차량폐차비,< 10,< 10,10,높음
차량폐차신청,< 10,< 10,10,높음
차량폐차지원금,< 10,< 10,10,높음
차령폐차,< 10,< 10,10,높음
창원시노후경유차조기폐차,< 10,< 10,10,높음
창원자동차폐차,< 10,< 10,10,높음
천안자동차폐차,< 10,< 10,10,높음
철원폐차장,< 10,< 10,10,높음
청원폐차장,< 10,< 10,10,높음
청주시폐차,< 10,< 10,10,높음
컨테이너카고차,< 10,< 10,10,높음
택시매입,< 10,< 10,10,높음
파주시조기폐차지원금,< 10,< 10,10,높음
패차,< 10,< 10,10,낮음
페차방법,< 10,< 10,10,높음
페차비,< 10,< 10,10,낮음
페차비용,< 10,< 10,10,낮음
평촌폐차장,< 10,< 10,10,높음
폐차견적서,< 10,< 10,10,낮음
폐차고철비,< 10,< 10,10,높음
폐차구비서류,< 10,< 10,10,높음
폐차구입,< 10,< 10,10,높음
폐차단가,< 10,< 10,10,높음
폐차대금,< 10,< 10,10,높음
폐차등록,< 10,< 10,10,높음
폐차박사,< 10,< 10,10,높음
폐차보상비,< 10,< 10,10,높음
폐차비용조회,< 10,< 10,10,높음
폐차사업,< 10,< 10,10,낮음
폐차수출비교,< 10,< 10,10,낮음
폐차시구비서류,< 10,< 10,10,높음
폐차장검색,< 10,< 10,10,높음
폐차장쇼핑몰,< 10,< 10,10,높음
폐차정보,< 10,< 10,10,낮음
폐차진행,< 10,< 10,10,높음
폐차처리절차,< 10,< 10,10,높음
포천폐차,< 10,< 10,10,높음
포항자동차폐차,< 10,< 10,10,낮음
폭스바겐CC폐차,< 10,< 10,10,높음
프라이드조기폐차,< 10,< 10,10,높음
하남시폐차,< 10,< 10,10,높음
향남폐차,< 10,< 10,10,높음
화성조기폐차,< 10,< 10,10,높음
