키워드,구분,지역 단위,지역,합계,PC,모바일,경쟁정도
대구폐차장,폐차,시·도,대구광역시,1820,550,"1,270",높음
부산폐차장,폐차,시·도,부산광역시,1640,420,"1,220",높음
인천폐차장,폐차,시·도,인천광역시,1600,400,"1,200",높음
대전폐차장,폐차,시·도,대전광역시,1530,330,"1,200",높음
울산폐차장,폐차,시·도,울산광역시,1150,210,940,높음
대구중고차수출,수출,시·도,대구광역시,1110,560,550,높음
서울폐차장,폐차,시·도,서울특별시,960,280,680,높음
천안폐차장,폐차,시·군·구,충청남도 천안시 동남구 / 충청남도 천안시 서북구,920,160,760,높음
창원폐차장,폐차,시·군·구,경상남도 창원시 마산합포구 / 경상남도 창원시 마산회원구 / 경상남도 창원시 성산구 / 경상남도 창원시 의창구 / 경상남도 창원시 진해구,790,200,590,높음
구미폐차장,폐차,시·군·구,경상북도 구미시,680,140,540,높음
양산폐차장,폐차,시·군·구,경상남도 양산시,680,160,520,높음
김해폐차장,폐차,시·군·구,경상남도 김해시,660,140,520,높음
인천폐차장부품,부품,시·도,인천광역시,570,100,470,높음
화성폐차장,폐차,시·군·구,경기도 화성시 동탄구 / 경기도 화성시 만세구 / 경기도 화성시 병점구 / 경기도 화성시 효행구,570,150,420,높음
양주폐차장,폐차,시·군·구,경기도 양주시,560,140,420,높음
안성폐차장,폐차,시·군·구,경기도 안성시,540,110,430,높음
강릉폐차장,폐차,시·군·구,강원특별자치도 강릉시,530,130,400,높음
용인폐차장,폐차,시·군·구,경기도 용인시 기흥구 / 경기도 용인시 수지구 / 경기도 용인시 처인구,530,170,360,높음
파주폐차장,폐차,시·군·구,경기도 파주시,530,190,340,높음
포항폐차장,폐차,시·군·구,경상북도 포항시 남구 / 경상북도 포항시 북구,530,90,440,높음
군산폐차장,폐차,시·군·구,전북특별자치도 군산시,460,60,400,높음
이천폐차장,폐차,시·군·구,경기도 이천시,460,100,360,높음
익산폐차장,폐차,시·군·구,전북특별자치도 익산시,460,70,390,높음
창원중고차수출,수출,시·군·구,경상남도 창원시 마산합포구 / 경상남도 창원시 마산회원구 / 경상남도 창원시 성산구 / 경상남도 창원시 의창구 / 경상남도 창원시 진해구,450,180,270,높음
남양주폐차장,폐차,시·군·구,경기도 남양주시,440,150,290,높음
성남폐차장,폐차,시·군·구,경기도 성남시 분당구 / 경기도 성남시 수정구 / 경기도 성남시 중원구,420,120,300,높음
춘천폐차장,폐차,시·군·구,강원특별자치도 춘천시,420,60,360,높음
서산폐차장,폐차,시·군·구,충청남도 서산시,410,100,310,높음
인천중고차수출,수출,시·도,인천광역시,410,150,260,높음
군포폐차장,폐차,시·군·구,경기도 군포시,390,170,220,높음
포천폐차장,폐차,시·군·구,경기도 포천시,390,90,300,높음
일산폐차장,폐차,시·군·구,경기도 고양시 일산동구 / 경기도 고양시 일산서구,380,80,300,높음
의정부폐차장,폐차,시·군·구,경기도 의정부시,360,110,250,높음
제주폐차장,폐차,시·도,제주특별자치도,360,80,280,높음
오산폐차장,폐차,시·군·구,경기도 오산시,350,120,230,높음
경남폐차장,폐차,시·도,경상남도,330,70,260,높음
경산폐차장,폐차,시·군·구,경상북도 경산시,330,100,230,높음
김천폐차장,폐차,시·군·구,경상북도 김천시,330,90,240,높음
대구폐차,폐차,시·도,대구광역시,330,70,260,높음
부산폐차장중고부품,부품,시·도,부산광역시,330,60,270,높음
순천폐차장,폐차,시·군·구,전남광주통합특별시 순천시,320,50,270,높음
충주폐차장,폐차,시·군·구,충청북도 충주시,320,50,270,높음
당진폐차장,폐차,시·군·구,충청남도 당진시,310,50,260,높음
인천폐차,폐차,시·도,인천광역시,310,70,240,높음
제천폐차장,폐차,시·군·구,충청북도 제천시,300,30,270,높음
경주폐차장,폐차,시·군·구,경상북도 경주시,290,50,240,높음
부산폐차,폐차,시·도,부산광역시,290,80,210,높음
세종폐차장,폐차,시·군·구,세종특별자치시,290,70,220,높음
시흥폐차장,폐차,시·군·구,경기도 시흥시,290,110,180,높음
마산폐차장,폐차,시·군·구,경상남도 창원시 마산합포구 / 경상남도 창원시 마산회원구,280,50,230,높음
하남폐차장,폐차,시·군·구,경기도 하남시,280,120,160,높음
여주폐차장,폐차,시·군·구,경기도 여주시,270,90,180,높음
경기광주폐차장,폐차,시·군·구,경기도 광주시,260,40,220,높음
고양시폐차장,폐차,시·군·구,경기도 고양시 덕양구 / 경기도 고양시 일산동구 / 경기도 고양시 일산서구,260,70,190,높음
광양폐차장,폐차,시·군·구,전남광주통합특별시 광양시,260,60,200,높음
논산폐차장,폐차,시·군·구,충청남도 논산시,250,40,210,높음
인천조기폐차,조기폐차,시·도,인천광역시,250,80,170,높음
안동폐차장,폐차,시·군·구,경상북도 안동시,230,40,190,높음
영천폐차장,폐차,시·군·구,경상북도 영천시,230,40,190,높음
대전폐차,폐차,시·도,대전광역시,220,40,180,높음
사천폐차장,폐차,시·군·구,경상남도 사천시,220,30,190,높음
통영폐차장,폐차,시·군·구,경상남도 통영시,220,40,180,높음
화성시폐차장,폐차,시·군·구,경기도 화성시 동탄구 / 경기도 화성시 만세구 / 경기도 화성시 병점구 / 경기도 화성시 효행구,210,40,170,높음
고양폐차장,폐차,시·군·구,경기도 고양시 덕양구 / 경기도 고양시 일산동구 / 경기도 고양시 일산서구,200,80,120,높음
광주중고차수출,수출,시·도,전남광주통합특별시,200,80,120,높음
대구페차장,폐차,시·도,대구광역시,200,20,180,높음
여수폐차장,폐차,시·군·구,전남광주통합특별시 여수시,200,40,160,높음
서울시조기폐차,조기폐차,시·도,서울특별시,190,80,110,높음
공주폐차장,폐차,시·군·구,충청남도 공주시,180,40,140,높음
속초폐차장,폐차,시·군·구,강원특별자치도 속초시,180,30,150,높음
양평폐차장,폐차,시·군·구,경기도 양평군,180,60,120,높음
왜관폐차장,폐차,동,경상북도 칠곡군 왜관읍,180,30,150,높음
가평폐차장,폐차,시·군·구,경기도 가평군,170,80,90,높음
구리폐차장,폐차,시·군·구,경기도 구리시,170,80,90,높음
김제폐차장,폐차,시·군·구,전북특별자치도 김제시,170,20,150,높음
동탄폐차장,폐차,시·군·구,경기도 화성시 동탄구,170,40,130,높음
청주폐차,폐차,시·군·구,충청북도 청주시 상당구 / 충청북도 청주시 서원구 / 충청북도 청주시 청원구 / 충청북도 청주시 흥덕구,170,40,130,높음
강서구폐차장,폐차,모호,부산광역시 강서구 / 서울특별시 강서구,160,60,100,높음
광명폐차장,폐차,시·군·구,경기도 광명시,160,60,100,높음
구미중고차수출,수출,시·군·구,경상북도 구미시,160,120,40,높음
나주폐차장,폐차,시·군·구,전남광주통합특별시 나주시,160,30,130,높음
밀양폐차장,폐차,시·군·구,경상남도 밀양시,160,30,130,높음
부안폐차장,폐차,시·군·구,전북특별자치도 부안군,160,20,140,높음
정읍폐차장,폐차,시·군·구,전북특별자치도 정읍시,160,30,130,높음
제주도폐차장,폐차,시·도,제주특별자치도,160,50,110,높음
영주폐차장,폐차,시·군·구,경상북도 영주시,150,10,140,높음
인천자동차폐차장,폐차,시·도,인천광역시,150,10,140,높음
정관폐차장,폐차,동,부산광역시 기장군 정관읍,150,10,140,높음
경기도폐차장,폐차,시·도,경기도,140,40,100,높음
광주폐차,폐차,시·도,전남광주통합특별시,140,30,110,높음
동두천폐차장,폐차,시·군·구,경기도 동두천시,140,60,80,높음
상주폐차장,폐차,시·군·구,경상북도 상주시,140,20,120,높음
예산폐차장,폐차,시·군·구,충청남도 예산군,140,20,120,높음
진해폐차장,폐차,시·군·구,경상남도 창원시 진해구,140,30,110,높음
대구동구폐차장,폐차,시·군·구,대구광역시 동구,130,30,100,높음
세종시폐차장,폐차,시·군·구,세종특별자치시,130,30,100,높음
장유폐차장,폐차,동,경상남도 김해시 장유동,130,20,110,높음
증평폐차장,폐차,시·군·구,충청북도 증평군,130,20,110,높음
진천폐차장,폐차,시·군·구,충청북도 진천군,130,20,110,높음
천안폐차,폐차,시·군·구,충청남도 천안시 동남구 / 충청남도 천안시 서북구,130,50,80,높음
고양시조기폐차,조기폐차,시·군·구,경기도 고양시 덕양구 / 경기도 고양시 일산동구 / 경기도 고양시 일산서구,120,20,100,높음
대전조기폐차,조기폐차,시·도,대전광역시,120,30,90,높음
인천시조기폐차,조기폐차,시·도,인천광역시,120,50,70,높음
창녕폐차장,폐차,시·군·구,경상남도 창녕군,120,10,110,높음
경기폐차장,폐차,시·도,경기도,110,10,100,높음
노원구폐차장,폐차,시·군·구,서울특별시 노원구,110,50,60,높음
부산시조기폐차,조기폐차,시·도,부산광역시,110,60,50,높음
부산조기폐차,조기폐차,시·도,부산광역시,110,30,80,높음
아산시조기폐차,조기폐차,시·군·구,충청남도 아산시,110,30,80,높음
아산시폐차장,폐차,시·군·구,충청남도 아산시,110,10,100,높음
울산폐차,폐차,시·도,울산광역시,110,30,80,높음
전주폐차,폐차,시·군·구,전북특별자치도 전주시 덕진구 / 전북특별자치도 전주시 완산구,110,20,90,높음
해남폐차장,폐차,시·군·구,전남광주통합특별시 해남군,110,10,100,높음
강진폐차장,폐차,시·군·구,전남광주통합특별시 강진군,100,10,90,높음
경기도광주폐차장,폐차,시·군·구,경기도 광주시,100,10,90,높음
과천폐차장,폐차,시·군·구,경기도 과천시,100,60,40,높음
남동구폐차장,폐차,시·군·구,인천광역시 남동구,100,10,90,높음
부산자동차중고부품,부품,시·도,부산광역시,100,10,90,높음
수원시폐차장,폐차,시·군·구,경기도 수원시 권선구 / 경기도 수원시 영통구 / 경기도 수원시 장안구 / 경기도 수원시 팔달구,100,30,70,높음
수원폐차,폐차,시·군·구,경기도 수원시 권선구 / 경기도 수원시 영통구 / 경기도 수원시 장안구 / 경기도 수원시 팔달구,100,30,70,높음
시흥시폐차장,폐차,시·군·구,경기도 시흥시,100,10,90,높음
은평구폐차장,폐차,시·군·구,서울특별시 은평구,100,50,50,높음
장안평폐차장,폐차,시·군·구,서울특별시 동대문구,100,20,80,높음
함안폐차장,폐차,시·군·구,경상남도 함안군,100,20,80,높음
안중폐차장,폐차,동,경기도 평택시 안중읍,95,< 10,90,높음
구로구폐차장,폐차,시·군·구,서울특별시 구로구,90,60,30,높음
녹산폐차장,폐차,동,부산광역시 강서구 녹산동,90,10,80,높음
도봉구폐차장,폐차,시·군·구,서울특별시 도봉구,90,60,30,높음
문막폐차장,폐차,동,강원특별자치도 원주시 문막읍,90,10,80,높음
보령폐차장,폐차,시·군·구,충청남도 보령시,90,20,70,높음
부산남구폐차장,폐차,시·군·구,부산광역시 남구,90,20,70,높음
부산자동차폐차장,폐차,시·도,부산광역시,90,10,80,높음
서천폐차장,폐차,시·군·구,충청남도 서천군,90,10,80,높음
성주폐차장,폐차,시·군·구,경상북도 성주군,90,10,80,높음
영종도폐차장,폐차,시·군·구,인천광역시 영종구,90,10,80,중간
의왕폐차장,폐차,시·군·구,경기도 의왕시,90,50,40,높음
인천조기폐차지원금,조기폐차,시·도,인천광역시,90,20,70,높음
장안동폐차장,폐차,동,서울특별시 동대문구 장안동,90,20,70,높음
평택폐차,폐차,시·군·구,경기도 평택시,90,10,80,높음
홍천폐차장,폐차,시·군·구,강원특별자치도 홍천군,90,20,70,높음
화성시조기폐차지원금,조기폐차,시·군·구,경기도 화성시 동탄구 / 경기도 화성시 만세구 / 경기도 화성시 병점구 / 경기도 화성시 효행구,90,30,60,높음
금산폐차장,폐차,시·군·구,충청남도 금산군,80,10,70,높음
기장폐차장,폐차,시·군·구,부산광역시 기장군,80,10,70,높음
대구자동차수출,수출,시·도,대구광역시,80,40,40,높음
대구자동차폐차장,폐차,시·도,대구광역시,80,10,70,높음
대구조기폐차,조기폐차,시·도,대구광역시,80,30,50,높음
무안폐차장,폐차,시·군·구,전남광주통합특별시 무안군,80,10,70,높음
부산강서구폐차장,폐차,시·군·구,부산광역시 강서구,80,10,70,높음
서울시폐차장,폐차,시·도,서울특별시,80,20,60,높음
성환폐차장,폐차,동,충청남도 천안시 서북구 성환읍,80,10,70,높음
안산폐차,폐차,시·군·구,경기도 안산시 단원구 / 경기도 안산시 상록구,80,20,60,높음
양주시폐차장,폐차,시·군·구,경기도 양주시,80,20,60,높음
옥천폐차장,폐차,시·군·구,충청북도 옥천군,80,20,60,높음
진주시폐차장,폐차,시·군·구,경상남도 진주시,80,10,70,높음
칠곡폐차장,폐차,시·군·구,경상북도 칠곡군,80,20,60,높음
태안폐차장,폐차,시·군·구,충청남도 태안군,80,10,70,높음
포항중고차수출,수출,시·군·구,경상북도 포항시 남구 / 경상북도 포항시 북구,80,20,60,높음
삼척폐차장,폐차,시·군·구,강원특별자치도 삼척시,75,< 10,70,높음
계룡폐차장,폐차,시·군·구,충청남도 계룡시,70,10,60,높음
고성폐차장,폐차,모호,강원특별자치도 고성군 / 경상남도 고성군,70,10,60,높음
금천구폐차장,폐차,시·군·구,서울특별시 금천구,70,40,30,높음
남동공단폐차장,폐차,시·군·구,인천광역시 남동구,70,10,60,중간
부산사하구폐차장,폐차,시·군·구,부산광역시 사하구,70,10,60,높음
성동구폐차장,폐차,시·군·구,서울특별시 성동구,70,50,20,높음
양천구폐차장,폐차,시·군·구,서울특별시 양천구,70,50,20,높음
오창폐차장,폐차,동,충청북도 청주시 청원구 오창읍,70,20,50,높음
인천서구폐차장,폐차,시·군·구,인천광역시 검단구 / 인천광역시 서해구,70,10,60,높음
정왕동폐차장,폐차,동,경기도 시흥시 정왕동,70,10,60,높음
제주시폐차장,폐차,시·군·구,제주특별자치도 제주시,70,10,60,높음
조치원폐차장,폐차,동,세종특별자치시 조치원읍,70,10,60,중간
진영폐차장,폐차,동,경상남도 김해시 진영읍,70,10,60,중간
창원폐차,폐차,시·군·구,경상남도 창원시 마산합포구 / 경상남도 창원시 마산회원구 / 경상남도 창원시 성산구 / 경상남도 창원시 의창구 / 경상남도 창원시 진해구,70,10,60,높음
청주시폐차장,폐차,시·군·구,충청북도 청주시 상당구 / 충청북도 청주시 서원구 / 충청북도 청주시 청원구 / 충청북도 청주시 흥덕구,70,10,60,높음
충북폐차장,폐차,시·도,충청북도,70,10,60,높음
평택시폐차장,폐차,시·군·구,경기도 평택시,70,10,60,높음
하남시폐차장,폐차,시·군·구,경기도 하남시,70,30,40,높음
횡성폐차장,폐차,시·군·구,강원특별자치도 횡성군,70,10,60,높음
달서구폐차장,폐차,시·군·구,대구광역시 달서구,65,< 10,60,높음
대전시조기폐차,조기폐차,시·도,대전광역시,65,< 10,60,높음
장흥폐차장,폐차,시·군·구,전남광주통합특별시 장흥군,65,< 10,60,높음
강동구폐차장,폐차,시·군·구,서울특별시 강동구,60,30,30,높음
강북구폐차장,폐차,시·군·구,서울특별시 강북구,60,40,20,높음
구미시조기폐차,조기폐차,시·군·구,경상북도 구미시,60,10,50,높음
구미시폐차장,폐차,시·군·구,경상북도 구미시,60,10,50,높음
김포시폐차장,폐차,시·군·구,경기도 김포시,60,20,40,높음
남양주시폐차장,폐차,시·군·구,경기도 남양주시,60,10,50,높음
대구북구폐차장,폐차,시·군·구,대구광역시 북구,60,10,50,높음
동탄폐차,폐차,시·군·구,경기도 화성시 동탄구,60,10,50,높음
동해시폐차장,폐차,시·군·구,강원특별자치도 동해시,60,10,50,높음
부산북구폐차장,폐차,시·군·구,부산광역시 북구,60,10,50,높음
부산자동차수출,수출,시·도,부산광역시,60,10,50,높음
부천폐차,폐차,시·군·구,경기도 부천시 소사구 / 경기도 부천시 오정구 / 경기도 부천시 원미구,60,10,50,높음
성북구폐차장,폐차,시·군·구,서울특별시 성북구,60,50,10,높음
세종시조기폐차,조기폐차,시·군·구,세종특별자치시,60,20,40,높음
양주폐차,폐차,시·군·구,경기도 양주시,60,10,50,높음
용인폐차,폐차,시·군·구,경기도 용인시 기흥구 / 경기도 용인시 수지구 / 경기도 용인시 처인구,60,20,40,높음
울산남구폐차장,폐차,시·군·구,울산광역시 남구,60,10,50,높음
전남폐차장,폐차,시·도,전남광주통합특별시,60,20,40,높음
천안조기폐차,조기폐차,시·군·구,충청남도 천안시 동남구 / 충청남도 천안시 서북구,60,10,50,높음
구미폐차,폐차,시·군·구,경상북도 구미시,55,< 10,50,높음
대구달서구폐차장,폐차,시·군·구,대구광역시 달서구,55,< 10,50,높음
부평폐차장,폐차,시·군·구,인천광역시 부평구,55,< 10,50,높음
울산북구폐차장,폐차,시·군·구,울산광역시 북구,55,< 10,50,높음
함창폐차장,폐차,동,경상북도 상주시 함창읍,55,< 10,50,높음
경북폐차장,폐차,시·도,경상북도,50,10,40,높음
광명시조기폐차,조기폐차,시·군·구,경기도 광명시,50,10,40,높음
광명시폐차장,폐차,시·군·구,경기도 광명시,50,20,30,높음
광진구폐차장,폐차,시·군·구,서울특별시 광진구,50,40,10,높음
구리시폐차장,폐차,시·군·구,경기도 구리시,50,30,20,높음
김포폐차,폐차,시·군·구,경기도 김포시,50,10,40,높음
남양주폐차,폐차,시·군·구,경기도 남양주시,50,20,30,높음
대구관허폐차장,폐차,시·도,대구광역시,50,10,40,높음
부산관허폐차장,폐차,시·도,부산광역시,50,10,40,높음
부산해운대구폐차장,폐차,시·군·구,부산광역시 해운대구,50,10,40,높음
분당폐차장,폐차,시·군·구,경기도 성남시 분당구,50,10,40,높음
성남시폐차장,폐차,시·군·구,경기도 성남시 분당구 / 경기도 성남시 수정구 / 경기도 성남시 중원구,50,20,30,높음
송파구폐차장,폐차,시·군·구,서울특별시 송파구,50,30,20,높음
시흥폐차,폐차,시·군·구,경기도 시흥시,50,10,40,높음
안산시폐차장,폐차,시·군·구,경기도 안산시 단원구 / 경기도 안산시 상록구,50,10,40,높음
안양폐차,폐차,시·군·구,경기도 안양시 동안구 / 경기도 안양시 만안구,50,10,40,높음
언양폐차장,폐차,동,울산광역시 울주군 언양읍,50,10,40,높음
오산시폐차장,폐차,시·군·구,경기도 오산시,50,10,40,높음
의정부폐차,폐차,시·군·구,경기도 의정부시,50,20,30,높음
이천시폐차장,폐차,시·군·구,경기도 이천시,50,10,40,높음
인천시조기폐차지원금,조기폐차,시·도,인천광역시,50,10,40,높음
일산폐차,폐차,시·군·구,경기도 고양시 일산동구 / 경기도 고양시 일산서구,50,10,40,높음
전주시폐차장,폐차,시·군·구,전북특별자치도 전주시 덕진구 / 전북특별자치도 전주시 완산구,50,10,40,높음
중랑구폐차장,폐차,시·군·구,서울특별시 중랑구,50,20,30,높음
창원시폐차장,폐차,시·군·구,경상남도 창원시 마산합포구 / 경상남도 창원시 마산회원구 / 경상남도 창원시 성산구 / 경상남도 창원시 의창구 / 경상남도 창원시 진해구,50,10,40,높음
청도폐차장,폐차,시·군·구,경상북도 청도군,50,10,40,높음
파주시폐차장,폐차,시·군·구,경기도 파주시,50,10,40,높음
파주폐차,폐차,시·군·구,경기도 파주시,50,10,40,높음
강릉시폐차장,폐차,시·군·구,강원특별자치도 강릉시,45,< 10,40,높음
거제시폐차장,폐차,시·군·구,경상남도 거제시,45,< 10,40,높음
공도폐차장,폐차,동,경기도 안성시 공도읍,45,< 10,40,높음
당진시조기폐차,조기폐차,시·군·구,충청남도 당진시,45,< 10,40,중간
부산시폐차장,폐차,시·도,부산광역시,45,< 10,40,높음
산청폐차장,폐차,시·군·구,경상남도 산청군,45,< 10,40,높음
영천시조기폐차,조기폐차,시·군·구,경상북도 영천시,45,< 10,40,높음
울주군폐차장,폐차,시·군·구,울산광역시 울주군,45,< 10,40,높음
인제폐차장,폐차,시·군·구,강원특별자치도 인제군,45,< 10,40,높음
제주폐차,폐차,시·도,제주특별자치도,45,< 10,40,높음
청주조기폐차,조기폐차,시·군·구,충청북도 청주시 상당구 / 충청북도 청주시 서원구 / 충청북도 청주시 청원구 / 충청북도 청주시 흥덕구,45,< 10,40,높음
강남구폐차장,폐차,시·군·구,서울특별시 강남구,40,20,20,높음
관악구폐차장,폐차,시·군·구,서울특별시 관악구,40,20,20,높음
군포시폐차장,폐차,시·군·구,경기도 군포시,40,20,20,높음
금정구폐차장,폐차,시·군·구,부산광역시 금정구,40,10,30,높음
당진폐차,폐차,시·군·구,충청남도 당진시,40,10,30,높음
대구서구폐차장,폐차,시·군·구,대구광역시 서구,40,10,30,높음
부산자동차부품,부품,시·도,부산광역시,40,10,30,중간
서울폐차,폐차,시·도,서울특별시,40,10,30,높음
시흥시조기폐차,조기폐차,시·군·구,경기도 시흥시,40,10,30,높음
안양시폐차장,폐차,시·군·구,경기도 안양시 동안구 / 경기도 안양시 만안구,40,10,30,높음
영등포폐차장,폐차,시·군·구,서울특별시 영등포구,40,20,20,높음
오산폐차,폐차,시·군·구,경기도 오산시,40,10,30,높음
용인시조기폐차,조기폐차,시·군·구,경기도 용인시 기흥구 / 경기도 용인시 수지구 / 경기도 용인시 처인구,40,10,30,높음
용인시폐차장,폐차,시·군·구,경기도 용인시 기흥구 / 경기도 용인시 수지구 / 경기도 용인시 처인구,40,10,30,높음
울산조기폐차,조기폐차,시·도,울산광역시,40,10,30,높음
원주폐차,폐차,시·군·구,강원특별자치도 원주시,40,10,30,높음
의성폐차장,폐차,시·군·구,경상북도 의성군,40,10,30,높음
제주도폐차,폐차,시·도,제주특별자치도,40,10,30,높음
포항시조기폐차,조기폐차,시·군·구,경상북도 포항시 남구 / 경상북도 포항시 북구,40,20,20,높음
포항조기폐차,조기폐차,시·군·구,경상북도 포항시 남구 / 경상북도 포항시 북구,40,20,20,높음
포항폐차,폐차,시·군·구,경상북도 포항시 남구 / 경상북도 포항시 북구,40,10,30,높음
해미폐차장,폐차,동,충청남도 서산시 해미면,40,10,30,높음
강남폐차장,폐차,시·군·구,서울특별시 강남구,35,< 10,30,높음
강동구폐차,폐차,시·군·구,서울특별시 강동구,35,< 10,30,높음
경기광주폐차,폐차,시·군·구,경기도 광주시,35,< 10,30,높음
경기폐차,폐차,시·도,경기도,35,< 10,30,높음
광주자동차폐차장,폐차,시·도,전남광주통합특별시,35,< 10,30,높음
구리시조기폐차,조기폐차,시·군·구,경기도 구리시,35,< 10,30,높음
군산중고차수출,수출,시·군·구,전북특별자치도 군산시,35,< 10,30,높음
군산폐차,폐차,시·군·구,전북특별자치도 군산시,35,< 10,30,높음
김천시폐차장,폐차,시·군·구,경상북도 김천시,35,< 10,30,높음
김해조기폐차,조기폐차,시·군·구,경상남도 김해시,35,< 10,30,높음
달성군폐차장,폐차,시·군·구,대구광역시 달성군,35,< 10,30,높음
당진조기폐차,조기폐차,시·군·구,충청남도 당진시,35,< 10,30,높음
당진중고차매매,중고차,시·군·구,충청남도 당진시,35,< 10,30,높음
대구시폐차장,폐차,시·도,대구광역시,35,< 10,30,높음
대전자동차폐차장,폐차,시·도,대전광역시,35,< 10,30,높음
부산금정구폐차장,폐차,시·군·구,부산광역시 금정구,35,< 10,30,높음
부산사상구폐차장,폐차,시·군·구,부산광역시 사상구,35,< 10,30,높음
부산지역폐차장,폐차,시·도,부산광역시,35,< 10,30,높음
부천자동차폐차장,폐차,시·군·구,경기도 부천시 소사구 / 경기도 부천시 오정구 / 경기도 부천시 원미구,35,< 10,30,높음
사상구폐차장,폐차,시·군·구,부산광역시 사상구,35,< 10,30,높음
사천시폐차장,폐차,시·군·구,경상남도 사천시,35,< 10,30,높음
서산시폐차장,폐차,시·군·구,충청남도 서산시,35,< 10,30,높음
성남폐차,폐차,시·군·구,경기도 성남시 분당구 / 경기도 성남시 수정구 / 경기도 성남시 중원구,35,< 10,30,높음
수원자동차폐차장,폐차,시·군·구,경기도 수원시 권선구 / 경기도 수원시 영통구 / 경기도 수원시 장안구 / 경기도 수원시 팔달구,35,< 10,30,높음
양산시폐차장,폐차,시·군·구,경상남도 양산시,35,< 10,30,높음
양산폐차,폐차,시·군·구,경상남도 양산시,35,< 10,30,높음
여수폐차,폐차,시·군·구,전남광주통합특별시 여수시,35,< 10,30,높음
울산시폐차장,폐차,시·도,울산광역시,35,< 10,30,낮음
익산시폐차장,폐차,시·군·구,전북특별자치도 익산시,35,< 10,30,높음
인천자동차수출,수출,시·도,인천광역시,35,< 10,30,높음
인천폐차장중고부품,부품,시·도,인천광역시,35,< 10,30,중간
종로구폐차장,폐차,시·군·구,서울특별시 종로구,35,30,< 10,높음
진접폐차장,폐차,동,경기도 남양주시 진접읍,35,< 10,30,높음
청주자동차폐차장,폐차,시·군·구,충청북도 청주시 상당구 / 충청북도 청주시 서원구 / 충청북도 청주시 청원구 / 충청북도 청주시 흥덕구,35,< 10,30,높음
춘천폐차,폐차,시·군·구,강원특별자치도 춘천시,35,< 10,30,높음
군산시폐차장,폐차,시·군·구,전북특별자치도 군산시,30,10,20,높음
김해폐차,폐차,시·군·구,경상남도 김해시,30,10,20,높음
남양주시조기폐차,조기폐차,시·군·구,경기도 남양주시,30,10,20,높음
대전시폐차장,폐차,시·도,대전광역시,30,10,20,높음
동대문구폐차장,폐차,시·군·구,서울특별시 동대문구,30,10,20,높음
부산자동차폐차,폐차,시·도,부산광역시,30,10,20,높음
성남시조기폐차,조기폐차,시·군·구,경기도 성남시 분당구 / 경기도 성남시 수정구 / 경기도 성남시 중원구,30,10,20,높음
수원조기폐차,조기폐차,시·군·구,경기도 수원시 권선구 / 경기도 수원시 영통구 / 경기도 수원시 장안구 / 경기도 수원시 팔달구,30,10,20,높음
아산폐차,폐차,시·군·구,충청남도 아산시,30,10,20,높음
안성시폐차장,폐차,시·군·구,경기도 안성시,30,10,20,높음
안성폐차,폐차,시·군·구,경기도 안성시,30,10,20,높음
여주시폐차장,폐차,시·군·구,경기도 여주시,30,10,20,높음
정선폐차장,폐차,시·군·구,강원특별자치도 정선군,30,10,20,높음
창원시조기폐차,조기폐차,시·군·구,경상남도 창원시 마산합포구 / 경상남도 창원시 마산회원구 / 경상남도 창원시 성산구 / 경상남도 창원시 의창구 / 경상남도 창원시 진해구,30,10,20,높음
창원조기폐차,조기폐차,시·군·구,경상남도 창원시 마산합포구 / 경상남도 창원시 마산회원구 / 경상남도 창원시 성산구 / 경상남도 창원시 의창구 / 경상남도 창원시 진해구,30,10,20,높음
천안시폐차장,폐차,시·군·구,충청남도 천안시 동남구 / 충청남도 천안시 서북구,30,10,20,높음
하남시조기폐차,조기폐차,시·군·구,경기도 하남시,30,10,20,높음
화성시조기폐차,조기폐차,시·군·구,경기도 화성시 동탄구 / 경기도 화성시 만세구 / 경기도 화성시 병점구 / 경기도 화성시 효행구,30,10,20,높음
경기광주조기폐차,조기폐차,시·군·구,경기도 광주시,25,< 10,20,높음
경산시폐차장,폐차,시·군·구,경상북도 경산시,25,< 10,20,높음
계양구폐차장,폐차,시·군·구,인천광역시 계양구,25,< 10,20,높음
고양시조기폐차지원금,조기폐차,시·군·구,경기도 고양시 덕양구 / 경기도 고양시 일산동구 / 경기도 고양시 일산서구,25,< 10,20,높음
공주시폐차장,폐차,시·군·구,충청남도 공주시,25,< 10,20,높음
광양시폐차장,폐차,시·군·구,전남광주통합특별시 광양시,25,< 10,20,높음
구로폐차장,폐차,시·군·구,서울특별시 구로구,25,< 10,20,높음
구미자동차폐차장,폐차,시·군·구,경상북도 구미시,25,< 10,20,높음
군산조기폐차,조기폐차,시·군·구,전북특별자치도 군산시,25,< 10,20,높음
김천폐차,폐차,시·군·구,경상북도 김천시,25,< 10,20,높음
김포시조기폐차지원금,조기폐차,시·군·구,경기도 김포시,25,< 10,20,높음
김포조기폐차,조기폐차,시·군·구,경기도 김포시,25,< 10,20,높음
대구수성구폐차장,폐차,시·군·구,대구광역시 수성구,25,< 10,20,높음
대구자동차폐차,폐차,시·도,대구광역시,25,< 10,20,높음
보은폐차장,폐차,시·군·구,충청북도 보은군,25,< 10,20,높음
부산동래구폐차장,폐차,시·군·구,부산광역시 동래구,25,< 10,20,높음
부산수영구폐차장,폐차,시·군·구,부산광역시 수영구,25,< 10,20,높음
사상폐차장,폐차,시·군·구,부산광역시 사상구,25,< 10,20,높음
서산폐차,폐차,시·군·구,충청남도 서산시,25,< 10,20,높음
성남시폐차,폐차,시·군·구,경기도 성남시 분당구 / 경기도 성남시 수정구 / 경기도 성남시 중원구,25,< 10,20,높음
신탄진폐차장,폐차,동,대전광역시 대덕구 신탄진동,25,< 10,20,높음
안동시폐차장,폐차,시·군·구,경상북도 안동시,25,< 10,20,높음
안산시조기폐차,조기폐차,시·군·구,경기도 안산시 단원구 / 경기도 안산시 상록구,25,< 10,20,높음
안산자동차폐차장,폐차,시·군·구,경기도 안산시 단원구 / 경기도 안산시 상록구,25,< 10,20,높음
안산조기폐차,조기폐차,시·군·구,경기도 안산시 단원구 / 경기도 안산시 상록구,25,< 10,20,높음
안성시조기폐차,조기폐차,시·군·구,경기도 안성시,25,< 10,20,높음
영천시폐차장,폐차,시·군·구,경상북도 영천시,25,< 10,20,높음
영통폐차장,폐차,시·군·구,경기도 수원시 영통구,25,< 10,20,높음
울산자동차폐차장,폐차,시·도,울산광역시,25,< 10,20,높음
의령폐차장,폐차,시·군·구,경상남도 의령군,25,< 10,20,높음
의정부조기폐차,조기폐차,시·군·구,경기도 의정부시,25,< 10,20,높음
이천폐차,폐차,시·군·구,경기도 이천시,25,< 10,20,높음
인천관허폐차장,폐차,시·도,인천광역시,25,< 10,20,높음
인천시폐차장,폐차,시·도,인천광역시,25,< 10,20,높음
장안동폐차,폐차,동,서울특별시 동대문구 장안동,25,< 10,20,높음
장한평폐차장,폐차,시·군·구,서울특별시 동대문구,25,< 10,20,중간
전주시조기폐차,조기폐차,시·군·구,전북특별자치도 전주시 덕진구 / 전북특별자치도 전주시 완산구,25,< 10,20,높음
제주조기폐차,조기폐차,시·도,제주특별자치도,25,< 10,20,높음
진주폐차,폐차,시·군·구,경상남도 진주시,25,< 10,20,높음
천안자동차폐차장,폐차,시·군·구,충청남도 천안시 동남구 / 충청남도 천안시 서북구,25,< 10,20,높음
춘천조기폐차,조기폐차,시·군·구,강원특별자치도 춘천시,25,< 10,20,높음
충주시폐차장,폐차,시·군·구,충청북도 충주시,25,< 10,20,높음
파주시조기폐차,조기폐차,시·군·구,경기도 파주시,25,< 10,20,높음
평창폐차장,폐차,시·군·구,강원특별자치도 평창군,25,< 10,20,높음
평택조기폐차,조기폐차,시·군·구,경기도 평택시,25,< 10,20,높음
포천시조기폐차,조기폐차,시·군·구,경기도 포천시,25,< 10,20,높음
포천시폐차장,폐차,시·군·구,경기도 포천시,25,< 10,20,높음
해운대폐차장,폐차,시·군·구,부산광역시 해운대구,25,< 10,20,높음
현풍폐차장,폐차,동,대구광역시 달성군 현풍읍,25,< 10,20,중간
강서구폐차,폐차,모호,부산광역시 강서구 / 서울특별시 강서구,20,10,10,높음
강원도폐차장,폐차,시·도,강원특별자치도,20,10,10,높음
경남폐차,폐차,시·도,경상남도,20,10,10,높음
경산폐차,폐차,시·군·구,경상북도 경산시,20,10,10,높음
고양시폐차,폐차,시·군·구,경기도 고양시 덕양구 / 경기도 고양시 일산동구 / 경기도 고양시 일산서구,20,10,10,높음
광주광역시폐차,폐차,시·도,전남광주통합특별시,20,10,10,높음
군포폐차,폐차,시·군·구,경기도 군포시,20,10,10,높음
김천시조기폐차,조기폐차,시·군·구,경상북도 김천시,20,10,10,높음
덕양폐차,폐차,시·군·구,경기도 고양시 덕양구,20,10,10,높음
도봉구폐차,폐차,시·군·구,서울특별시 도봉구,20,10,10,높음
부천시폐차장,폐차,시·군·구,경기도 부천시 소사구 / 경기도 부천시 오정구 / 경기도 부천시 원미구,20,10,10,높음
상주시폐차장,폐차,시·군·구,경상북도 상주시,20,10,10,높음
서대문구폐차장,폐차,시·군·구,서울특별시 서대문구,20,10,10,높음
서울조기폐차,조기폐차,시·도,서울특별시,20,10,10,높음
세종폐차,폐차,시·군·구,세종특별자치시,20,10,10,높음
양천구폐차,폐차,시·군·구,서울특별시 양천구,20,10,10,높음
울산자동차폐차,폐차,시·도,울산광역시,20,10,10,높음
은평구폐차,폐차,시·군·구,서울특별시 은평구,20,10,10,높음
의정부시폐차장,폐차,시·군·구,경기도 의정부시,20,10,10,높음
화성시폐차,폐차,시·군·구,경기도 화성시 동탄구 / 경기도 화성시 만세구 / 경기도 화성시 병점구 / 경기도 화성시 효행구,20,10,10,높음
화성폐차,폐차,시·군·구,경기도 화성시 동탄구 / 경기도 화성시 만세구 / 경기도 화성시 병점구 / 경기도 화성시 효행구,20,10,10,높음
강릉폐차,폐차,시·군·구,강원특별자치도 강릉시,15,< 10,10,높음
경기도광주시폐차장,폐차,시·군·구,경기도 광주시,15,< 10,10,높음
경기도광주폐차,폐차,시·군·구,경기도 광주시,15,< 10,10,높음
경기도조기폐차,조기폐차,시·도,경기도,15,< 10,10,높음
경주시폐차장,폐차,시·군·구,경상북도 경주시,15,< 10,10,높음
고양폐차,폐차,시·군·구,경기도 고양시 덕양구 / 경기도 고양시 일산동구 / 경기도 고양시 일산서구,15,< 10,10,높음
곤지암폐차,폐차,동,경기도 광주시 곤지암읍,15,< 10,10,높음
공주시조기폐차,조기폐차,시·군·구,충청남도 공주시,15,< 10,10,높음
광명조기폐차,조기폐차,시·군·구,경기도 광명시,15,10,< 10,높음
광명폐차,폐차,시·군·구,경기도 광명시,15,< 10,10,높음
광양시조기폐차,조기폐차,시·군·구,전남광주통합특별시 광양시,15,< 10,10,높음
광양조기폐차,조기폐차,시·군·구,전남광주통합특별시 광양시,15,< 10,10,중간
광양폐차,폐차,시·군·구,전남광주통합특별시 광양시,15,< 10,10,높음
광주시폐차장,폐차,시·군·구,경기도 광주시,15,< 10,10,높음
광주자동차폐차,폐차,시·도,전남광주통합특별시,15,< 10,10,높음
구로구폐차,폐차,시·군·구,서울특별시 구로구,15,10,< 10,높음
구리시폐차,폐차,시·군·구,경기도 구리시,15,< 10,10,높음
구리폐차,폐차,시·군·구,경기도 구리시,15,< 10,10,높음
구미자동차폐차,폐차,시·군·구,경상북도 구미시,15,< 10,10,낮음
구미조기폐차,조기폐차,시·군·구,경상북도 구미시,15,< 10,10,높음
군포시조기폐차,조기폐차,시·군·구,경기도 군포시,15,< 10,10,높음
금천구폐차,폐차,시·군·구,서울특별시 금천구,15,10,< 10,높음
김포시조기폐차,조기폐차,시·군·구,경기도 김포시,15,< 10,10,높음
김해시폐차장,폐차,시·군·구,경상남도 김해시,15,< 10,10,높음
달서구폐차,폐차,시·군·구,대구광역시 달서구,15,< 10,10,높음
대구달서구폐차,폐차,시·군·구,대구광역시 달서구,15,< 10,10,낮음
대구동구폐차,폐차,시·군·구,대구광역시 동구,15,< 10,10,높음
대구시조기폐차,조기폐차,시·도,대구광역시,15,< 10,10,높음
대구지게차폐차,폐차,시·도,대구광역시,15,10,< 10,높음
대전자동차폐차,폐차,시·도,대전광역시,15,< 10,10,높음
덕양폐차장,폐차,시·군·구,경기도 고양시 덕양구,15,< 10,10,높음
목포시조기폐차,조기폐차,시·군·구,전남광주통합특별시 목포시,15,< 10,10,높음
목포폐차,폐차,시·군·구,전남광주통합특별시 목포시,15,< 10,10,높음
밀양조기폐차,조기폐차,시·군·구,경상남도 밀양시,15,< 10,10,높음
보령시조기폐차,조기폐차,시·군·구,충청남도 보령시,15,< 10,10,낮음
보령시폐차장,폐차,시·군·구,충청남도 보령시,15,< 10,10,높음
부산중고차부품,부품,시·도,부산광역시,15,< 10,10,높음
부천시조기폐차,조기폐차,시·군·구,경기도 부천시 소사구 / 경기도 부천시 오정구 / 경기도 부천시 원미구,15,< 10,10,높음
부천조기폐차,조기폐차,시·군·구,경기도 부천시 소사구 / 경기도 부천시 오정구 / 경기도 부천시 원미구,15,< 10,10,높음
부평구폐차장,폐차,시·군·구,인천광역시 부평구,15,< 10,10,높음
북구폐차장,폐차,모호,경상북도 포항시 북구 / 대구광역시 북구 / 부산광역시 북구 / 울산광역시 북구 / 전남광주통합특별시 북구,15,< 10,10,낮음
분당폐차,폐차,시·군·구,경기도 성남시 분당구,15,< 10,10,높음
서울시경유차조기폐차,조기폐차,시·도,서울특별시,15,< 10,10,높음
세종시폐차,폐차,시·군·구,세종특별자치시,15,< 10,10,높음
송파구폐차,폐차,시·군·구,서울특별시 송파구,15,< 10,10,높음
송파폐차장,폐차,시·군·구,서울특별시 송파구,15,< 10,10,높음
수원관허폐차장,폐차,시·군·구,경기도 수원시 권선구 / 경기도 수원시 영통구 / 경기도 수원시 장안구 / 경기도 수원시 팔달구,15,< 10,10,낮음
수원시조기폐차,조기폐차,시·군·구,경기도 수원시 권선구 / 경기도 수원시 영통구 / 경기도 수원시 장안구 / 경기도 수원시 팔달구,15,< 10,10,높음
수원시폐차,폐차,시·군·구,경기도 수원시 권선구 / 경기도 수원시 영통구 / 경기도 수원시 장안구 / 경기도 수원시 팔달구,15,< 10,10,높음
순천시폐차장,폐차,시·군·구,전남광주통합특별시 순천시,15,< 10,10,높음
순천폐차,폐차,시·군·구,전남광주통합특별시 순천시,15,< 10,10,높음
시흥시폐차,폐차,시·군·구,경기도 시흥시,15,< 10,10,높음
시흥조기폐차,조기폐차,시·군·구,경기도 시흥시,15,< 10,10,높음
안동폐차,폐차,시·군·구,경상북도 안동시,15,< 10,10,높음
양산조기폐차,조기폐차,시·군·구,경상남도 양산시,15,< 10,10,높음
양주시조기폐차,조기폐차,시·군·구,경기도 양주시,15,< 10,10,높음
여수시폐차장,폐차,시·군·구,전남광주통합특별시 여수시,15,< 10,10,높음
연수구폐차장,폐차,시·군·구,인천광역시 연수구,15,< 10,10,높음
연천군폐차장,폐차,시·군·구,경기도 연천군,15,< 10,10,낮음
영동폐차장,폐차,시·군·구,충청북도 영동군,15,< 10,10,높음
영종도폐차,폐차,시·군·구,인천광역시 영종구,15,< 10,10,높음
예산군폐차장,폐차,시·군·구,충청남도 예산군,15,< 10,10,높음
오산시조기폐차,조기폐차,시·군·구,경기도 오산시,15,< 10,10,높음
오산시폐차,폐차,시·군·구,경기도 오산시,15,< 10,10,높음
옥천군폐차장,폐차,시·군·구,충청북도 옥천군,15,< 10,10,낮음
완주군폐차장,폐차,시·군·구,전북특별자치도 완주군,15,< 10,10,높음
용인자동차폐차장,폐차,시·군·구,경기도 용인시 기흥구 / 경기도 용인시 수지구 / 경기도 용인시 처인구,15,< 10,10,높음
용인조기폐차,조기폐차,시·군·구,경기도 용인시 기흥구 / 경기도 용인시 수지구 / 경기도 용인시 처인구,15,< 10,10,높음
음성군조기폐차,조기폐차,시·군·구,충청북도 음성군,15,< 10,10,높음
음성군폐차장,폐차,시·군·구,충청북도 음성군,15,< 10,10,높음
의왕시폐차장,폐차,시·군·구,경기도 의왕시,15,< 10,10,높음
익산폐차,폐차,시·군·구,전북특별자치도 익산시,15,< 10,10,높음
인천수출차,수출,시·도,인천광역시,15,< 10,10,높음
인천자동차폐차,폐차,시·도,인천광역시,15,< 10,10,높음
인천조기폐차보조금,조기폐차,시·도,인천광역시,15,< 10,10,높음
일광폐차장,폐차,동,부산광역시 기장군 일광읍,15,< 10,10,낮음
전주조기폐차,조기폐차,시·군·구,전북특별자치도 전주시 덕진구 / 전북특별자치도 전주시 완산구,15,< 10,10,높음
제주도조기폐차,조기폐차,시·도,제주특별자치도,15,< 10,10,높음
제주시폐차,폐차,시·도,제주특별자치도,15,< 10,10,높음
제천폐차,폐차,시·군·구,충청북도 제천시,15,10,< 10,높음
중랑구폐차,폐차,시·군·구,서울특별시 중랑구,15,< 10,10,높음
진천군폐차장,폐차,시·군·구,충청북도 진천군,15,< 10,10,높음
창원시폐차,폐차,시·군·구,경상남도 창원시 마산합포구 / 경상남도 창원시 마산회원구 / 경상남도 창원시 성산구 / 경상남도 창원시 의창구 / 경상남도 창원시 진해구,15,< 10,10,낮음
청주시조기폐차,조기폐차,시·군·구,충청북도 청주시 상당구 / 충청북도 청주시 서원구 / 충청북도 청주시 청원구 / 충청북도 청주시 흥덕구,15,< 10,10,높음
청주자동차폐차,폐차,시·군·구,충청북도 청주시 상당구 / 충청북도 청주시 서원구 / 충청북도 청주시 청원구 / 충청북도 청주시 흥덕구,15,< 10,10,높음
춘천시폐차장,폐차,시·군·구,강원특별자치도 춘천시,15,< 10,10,높음
파주조기폐차,조기폐차,시·군·구,경기도 파주시,15,< 10,10,높음
포항시폐차장,폐차,시·군·구,경상북도 포항시 남구 / 경상북도 포항시 북구,15,< 10,10,높음
하남폐차,폐차,시·군·구,경기도 하남시,15,< 10,10,높음
해운대폐차,폐차,시·군·구,부산광역시 해운대구,15,< 10,10,높음
가평군조기폐차,조기폐차,시·군·구,경기도 가평군,10,< 10,< 10,낮음
가평폐차,폐차,시·군·구,경기도 가평군,10,< 10,< 10,높음
강남구폐차,폐차,시·군·구,서울특별시 강남구,10,< 10,< 10,높음
경기도관허폐차장,폐차,시·도,경기도,10,< 10,< 10,높음
경기도폐차,폐차,시·도,경기도,10,< 10,< 10,높음
관악구폐차,폐차,시·군·구,서울특별시 관악구,10,< 10,< 10,높음
광명시폐차,폐차,시·군·구,경기도 광명시,10,< 10,< 10,높음
김해자동차폐차,폐차,시·군·구,경상남도 김해시,10,< 10,< 10,높음
남동폐차장,폐차,시·군·구,인천광역시 남동구,10,< 10,< 10,높음
남양주시폐차,폐차,시·군·구,경기도 남양주시,10,< 10,< 10,높음
남양주조기폐차,조기폐차,시·군·구,경기도 남양주시,10,< 10,< 10,높음
노원구폐차,폐차,시·군·구,서울특별시 노원구,10,< 10,< 10,높음
논산폐차,폐차,시·군·구,충청남도 논산시,10,< 10,< 10,높음
대구광역시조기폐차,조기폐차,시·도,대구광역시,10,< 10,< 10,높음
대전서구폐차장,폐차,시·군·구,대전광역시 서구,10,< 10,< 10,중간
동두천폐차,폐차,시·군·구,경기도 동두천시,10,< 10,< 10,높음
목포조기폐차,조기폐차,시·군·구,전남광주통합특별시 목포시,10,< 10,< 10,낮음
밀양시폐차장,폐차,시·군·구,경상남도 밀양시,10,< 10,< 10,낮음
보령폐차,폐차,시·군·구,충청남도 보령시,10,< 10,< 10,높음
부산시폐차,폐차,시·도,부산광역시,10,< 10,< 10,높음
부산압류폐차,폐차,시·도,부산광역시,10,< 10,< 10,높음
부산차량폐차,폐차,시·도,부산광역시,10,< 10,< 10,높음
부천시폐차,폐차,시·군·구,경기도 부천시 소사구 / 경기도 부천시 오정구 / 경기도 부천시 원미구,10,< 10,< 10,높음
부천페차장,폐차,시·군·구,경기도 부천시 소사구 / 경기도 부천시 오정구 / 경기도 부천시 원미구,10,< 10,< 10,낮음
서귀포폐차,폐차,시·군·구,제주특별자치도 서귀포시,10,< 10,< 10,높음
서울시관허폐차장,폐차,시·도,서울특별시,10,< 10,< 10,높음
서울시폐차,폐차,시·도,서울특별시,10,< 10,< 10,높음
서울자동차폐차,폐차,시·도,서울특별시,10,< 10,< 10,높음
서울자동차폐차장,폐차,시·도,서울특별시,10,< 10,< 10,높음
서초구폐차,폐차,시·군·구,서울특별시 서초구,10,< 10,< 10,높음
성남시조기폐차지원금,조기폐차,시·군·구,경기도 성남시 분당구 / 경기도 성남시 수정구 / 경기도 성남시 중원구,10,< 10,< 10,높음
성남조기폐차,조기폐차,시·군·구,경기도 성남시 분당구 / 경기도 성남시 수정구 / 경기도 성남시 중원구,10,< 10,< 10,높음
성동구폐차,폐차,시·군·구,서울특별시 성동구,10,< 10,< 10,높음
성북구폐차,폐차,시·군·구,서울특별시 성북구,10,< 10,< 10,높음
성수동폐차장,폐차,동,서울특별시 성동구 성수동,10,< 10,< 10,낮음
송파폐차,폐차,시·군·구,서울특별시 송파구,10,< 10,< 10,높음
수영구폐차장,폐차,시·군·구,부산광역시 수영구,10,< 10,< 10,높음
수원시조기폐차지원금,조기폐차,시·군·구,경기도 수원시 권선구 / 경기도 수원시 영통구 / 경기도 수원시 장안구 / 경기도 수원시 팔달구,10,< 10,< 10,높음
수원자동차폐차,폐차,시·군·구,경기도 수원시 권선구 / 경기도 수원시 영통구 / 경기도 수원시 장안구 / 경기도 수원시 팔달구,10,< 10,< 10,높음
시흥시조기폐차지원금,조기폐차,시·군·구,경기도 시흥시,10,< 10,< 10,중간
안산시폐차,폐차,시·군·구,경기도 안산시 단원구 / 경기도 안산시 상록구,10,< 10,< 10,높음
안양시조기폐차,조기폐차,시·군·구,경기도 안양시 동안구 / 경기도 안양시 만안구,10,< 10,< 10,높음
안양시조기폐차지원금,조기폐차,시·군·구,경기도 안양시 동안구 / 경기도 안양시 만안구,10,< 10,< 10,중간
안양시폐차,폐차,시·군·구,경기도 안양시 동안구 / 경기도 안양시 만안구,10,< 10,< 10,높음
안양조기폐차,조기폐차,시·군·구,경기도 안양시 동안구 / 경기도 안양시 만안구,10,< 10,< 10,높음
양주시폐차,폐차,시·군·구,경기도 양주시,10,< 10,< 10,높음
양주조기폐차,조기폐차,시·군·구,경기도 양주시,10,< 10,< 10,낮음
양평군조기폐차,조기폐차,시·군·구,경기도 양평군,10,< 10,< 10,높음
양평군폐차장,폐차,시·군·구,경기도 양평군,10,< 10,< 10,높음
양평폐차,폐차,시·군·구,경기도 양평군,10,< 10,< 10,높음
연제구폐차장,폐차,시·군·구,부산광역시 연제구,10,< 10,< 10,높음
영등포구폐차장,폐차,시·군·구,서울특별시 영등포구,10,< 10,< 10,높음
영등포폐차,폐차,시·군·구,서울특별시 영등포구,10,< 10,< 10,높음
영천폐차,폐차,시·군·구,경상북도 영천시,10,< 10,< 10,높음
오산조기폐차,조기폐차,시·군·구,경기도 오산시,10,< 10,< 10,높음
용인시조기폐차지원금,조기폐차,시·군·구,경기도 용인시 기흥구 / 경기도 용인시 수지구 / 경기도 용인시 처인구,10,< 10,< 10,높음
용인시폐차,폐차,시·군·구,경기도 용인시 기흥구 / 경기도 용인시 수지구 / 경기도 용인시 처인구,10,< 10,< 10,높음
인천경유차조기폐차,조기폐차,시·도,인천광역시,10,< 10,< 10,낮음
인천서구폐차,폐차,시·군·구,인천광역시 검단구 / 인천광역시 서해구,10,< 10,< 10,낮음
일산조기폐차,조기폐차,시·군·구,경기도 고양시 일산동구 / 경기도 고양시 일산서구,10,< 10,< 10,낮음
전주관허폐차장,폐차,시·군·구,전북특별자치도 전주시 덕진구 / 전북특별자치도 전주시 완산구,10,< 10,< 10,높음
전주자동차폐차,폐차,시·군·구,전북특별자치도 전주시 덕진구 / 전북특별자치도 전주시 완산구,10,< 10,< 10,높음
정왕동폐차,폐차,동,경기도 시흥시 정왕동,10,< 10,< 10,높음
진해구폐차장,폐차,시·군·구,경상남도 창원시 진해구,10,< 10,< 10,높음
창원시노후경유차조기폐차,조기폐차,시·군·구,경상남도 창원시 마산합포구 / 경상남도 창원시 마산회원구 / 경상남도 창원시 성산구 / 경상남도 창원시 의창구 / 경상남도 창원시 진해구,10,< 10,< 10,높음
창원자동차폐차,폐차,시·군·구,경상남도 창원시 마산합포구 / 경상남도 창원시 마산회원구 / 경상남도 창원시 성산구 / 경상남도 창원시 의창구 / 경상남도 창원시 진해구,10,< 10,< 10,높음
천안자동차폐차,폐차,시·군·구,충청남도 천안시 동남구 / 충청남도 천안시 서북구,10,< 10,< 10,높음
철원폐차장,폐차,시·군·구,강원특별자치도 철원군,10,< 10,< 10,높음
청원폐차장,폐차,시·군·구,충청북도 청주시 청원구,10,< 10,< 10,높음
청주시폐차,폐차,시·군·구,충청북도 청주시 상당구 / 충청북도 청주시 서원구 / 충청북도 청주시 청원구 / 충청북도 청주시 흥덕구,10,< 10,< 10,높음
파주시조기폐차지원금,조기폐차,시·군·구,경기도 파주시,10,< 10,< 10,높음
포천폐차,폐차,시·군·구,경기도 포천시,10,< 10,< 10,높음
포항자동차폐차,폐차,시·군·구,경상북도 포항시 남구 / 경상북도 포항시 북구,10,< 10,< 10,낮음
하남시폐차,폐차,시·군·구,경기도 하남시,10,< 10,< 10,높음
향남폐차,폐차,동,경기도 화성시 만세구 향남읍,10,< 10,< 10,높음
화성조기폐차,조기폐차,시·군·구,경기도 화성시 동탄구 / 경기도 화성시 만세구 / 경기도 화성시 병점구 / 경기도 화성시 효행구,10,< 10,< 10,높음
