주제,키워드,금액형,합계,PC,모바일,경쟁정도
방치차,방치차폐차,,15,< 10,10,낮음
시동 안 걸림·고장차,고장차매입,,110,40,70,높음
시동 안 걸림·고장차,문제차폐차,,85,< 10,80,높음
시동 안 걸림·고장차,시동안걸리는차폐차,,15,< 10,10,낮음
상속·사망자,자동차상속,,210,70,140,높음
상속·사망자,상속폐차,,150,50,100,높음
상속·사망자,사망자자동차폐차,,25,< 10,20,높음
상속·사망자,한정승인폐차,,25,< 10,20,높음
상속·사망자,사망자폐차,,10,< 10,< 10,높음
상속·사망자,상속차폐차,,10,< 10,< 10,낮음
압류·저당·체납,차량압류조회,,1660,450,"1,210",높음
압류·저당·체납,자동차압류,,770,120,650,높음
압류·저당·체납,압류차량폐차,,610,70,540,높음
압류·저당·체납,압류폐차,,550,140,410,높음
압류·저당·체납,차량압류,,250,70,180,높음
압류·저당·체납,압류차폐차,,120,30,90,높음
압류·저당·체납,압류차량수출,,55,< 10,50,중간
압류·저당·체납,강제폐차,,50,10,40,높음
압류·저당·체납,자동차압류폐차,,40,10,30,높음
압류·저당·체납,압류차수출,,35,< 10,30,중간
압류·저당·체납,압류차,,30,10,20,높음
압류·저당·체납,압류차량,,30,10,20,높음
압류·저당·체납,근저당폐차,,25,< 10,20,높음
압류·저당·체납,압류자동차폐차,,25,< 10,20,높음
압류·저당·체납,저당폐차,,25,< 10,20,높음
압류·저당·체납,체납차량폐차,,15,< 10,10,높음
압류·저당·체납,압류자동차,,10,< 10,< 10,높음
법인차,법인차량폐차,,70,20,50,높음
법인차,법인차폐차,,35,< 10,30,높음
법인차,법인차량폐차서류,,20,10,10,높음
법인차,법인자동차폐차,,10,< 10,< 10,높음
법인차,법인폐차,,10,< 10,< 10,높음
차령초과 말소,차령초과말소,,400,180,220,높음
차령초과 말소,차령초과폐차,,100,30,70,높음
차령초과 말소,차령초과말소폐차,,60,10,50,높음
차령초과 말소,연식폐차,,15,< 10,10,높음
차령초과 말소,차량초과말소,,10,< 10,< 10,높음
차령초과 말소,차령폐차,,10,< 10,< 10,높음
조기폐차·노후경유차,조기폐차,,4660,"1,510","3,150",높음
조기폐차·노후경유차,조기폐차지원금,예,3580,860,"2,720",높음
조기폐차·노후경유차,노후경유차기준,,3280,420,"2,860",높음
조기폐차·노후경유차,조기폐차보조금,예,1950,500,"1,450",높음
조기폐차·노후경유차,차량조기폐차,,1520,250,"1,270",높음
조기폐차·노후경유차,노후경유차폐차지원금,예,1010,300,710,높음
조기폐차·노후경유차,조기폐차신청,,1010,360,650,높음
조기폐차·노후경유차,경유차조기폐차,,840,160,680,높음
조기폐차·노후경유차,노후경유차조기폐차,,840,300,540,높음
조기폐차·노후경유차,노후경유차폐차,,830,160,670,높음
조기폐차·노후경유차,노후경유차,,540,130,410,높음
조기폐차·노후경유차,경유조기폐차,,490,100,390,높음
조기폐차·노후경유차,노후차량폐차지원금,예,490,140,350,높음
조기폐차·노후경유차,조기폐차지원,예,480,200,280,높음
조기폐차·노후경유차,자동차폐차보조금,예,470,90,380,높음
조기폐차·노후경유차,조기폐차조건,,390,60,330,높음
조기폐차·노후경유차,폐차지원금,예,390,110,280,높음
조기폐차·노후경유차,경유차등급조회,,160,40,120,높음
조기폐차·노후경유차,베라크루즈조기폐차,,140,40,100,높음
조기폐차·노후경유차,노후경유차조기폐차지원금,예,120,60,60,높음
조기폐차·노후경유차,디젤차량조기폐차,,110,20,90,높음
조기폐차·노후경유차,4등급조기폐차지원금,예,100,20,80,높음
조기폐차·노후경유차,조기페차,,100,20,80,중간
조기폐차·노후경유차,조기폐차보조금조회,예,100,20,80,높음
조기폐차·노후경유차,경유차폐차지원금,예,90,20,70,높음
조기폐차·노후경유차,조기폐차대상,,90,20,70,높음
조기폐차·노후경유차,4등급차량조기폐차,,80,20,60,높음
조기폐차·노후경유차,경유조기폐차지원금,예,80,20,60,높음
조기폐차·노후경유차,노후차량폐차,,80,20,60,높음
조기폐차·노후경유차,윈스톰조기폐차,,80,10,70,높음
조기폐차·노후경유차,조기폐차서류,,80,10,70,높음
조기폐차·노후경유차,조기폐차절차,,80,20,60,높음
조기폐차·노후경유차,화물차조기폐차,,80,20,60,높음
조기폐차·노후경유차,노후차조기폐차,,70,20,50,높음
조기폐차·노후경유차,디젤차조기폐차,,70,10,60,높음
조기폐차·노후경유차,싼타페CM조기폐차,,70,10,60,높음
조기폐차·노후경유차,자동차조기폐차,,70,40,30,높음
조기폐차·노후경유차,조기폐차비용,예,70,10,60,높음
조기폐차·노후경유차,조기폐차지원금조회,예,70,20,50,높음
조기폐차·노후경유차,폐차보조금,예,70,10,60,높음
조기폐차·노후경유차,4등급조기폐차,,60,20,40,높음
조기폐차·노후경유차,디젤조기폐차,,55,< 10,50,높음
조기폐차·노후경유차,경유차량조기폐차,,50,10,40,높음
조기폐차·노후경유차,경유차폐차,,50,10,40,높음
조기폐차·노후경유차,그랜드카니발조기폐차,,50,10,40,높음
조기폐차·노후경유차,노후차폐차,,50,10,40,높음
조기폐차·노후경유차,봉고3조기폐차,,50,10,40,높음
조기폐차·노후경유차,조기폐차방법,,50,10,40,높음
조기폐차·노후경유차,스타렉스조기폐차,,40,10,30,높음
조기폐차·노후경유차,노후차량,,30,10,20,높음
조기폐차·노후경유차,노후차폐차지원금,예,30,10,20,높음
조기폐차·노후경유차,노후폐차,,30,10,20,높음
조기폐차·노후경유차,매연저감장치폐차,,30,10,20,높음
조기폐차·노후경유차,스포티지조기폐차,,30,10,20,높음
조기폐차·노후경유차,1톤트럭조기폐차,,25,< 10,20,높음
조기폐차·노후경유차,저감장치폐차,,25,< 10,20,높음
조기폐차·노후경유차,조기폐차대행,,25,< 10,20,높음
조기폐차·노후경유차,조기폐차인천,,25,< 10,20,높음
조기폐차·노후경유차,노후차량조기폐차,,20,10,10,높음
조기폐차·노후경유차,경유폐차지원금,예,15,< 10,10,높음
조기폐차·노후경유차,자동차폐차지원금,예,15,< 10,10,높음
조기폐차·노후경유차,조기폐차가격,예,15,< 10,10,높음
조기폐차·노후경유차,조기폐차대상확인,,15,10,< 10,높음
조기폐차·노후경유차,조기폐차장,,15,< 10,10,높음
조기폐차·노후경유차,차량조기폐차지원금,예,15,< 10,10,높음
조기폐차·노후경유차,1톤조기폐차,,10,< 10,< 10,낮음
조기폐차·노후경유차,1톤화물차조기폐차,,10,< 10,< 10,낮음
조기폐차·노후경유차,5등급경유차조기폐차,,10,< 10,< 10,높음
조기폐차·노후경유차,5등급경유차폐차,,10,< 10,< 10,낮음
조기폐차·노후경유차,노후차량지원,예,10,< 10,< 10,높음
조기폐차·노후경유차,무쏘조기폐차,,10,< 10,< 10,높음
조기폐차·노후경유차,버스조기폐차,,10,< 10,< 10,높음
조기폐차·노후경유차,조기폐차보상금,예,10,< 10,< 10,높음
조기폐차·노후경유차,조기폐차예약,,10,< 10,< 10,낮음
조기폐차·노후경유차,조기폐차정부지원금,예,10,< 10,< 10,높음
조기폐차·노후경유차,조기폐차지원금액,예,10,< 10,< 10,높음
조기폐차·노후경유차,조기폐차폐차장,,10,< 10,< 10,높음
조기폐차·노후경유차,중고차조기폐차,,10,< 10,< 10,높음
조기폐차·노후경유차,차량폐차지원금,예,10,< 10,< 10,높음
조기폐차·노후경유차,프라이드조기폐차,,10,< 10,< 10,높음
수출 비교,중고차수출,,14790,"3,690","11,100",높음
수출 비교,중고차수출업체,,4020,"1,030","2,990",높음
수출 비교,중고차수출시세,예,1850,410,"1,440",높음
수출 비교,자동차수출,,1580,340,"1,240",높음
수출 비교,중고차해외수출,,900,180,720,높음
수출 비교,중고자동차수출,,470,100,370,높음
수출 비교,차량수출,,350,90,260,높음
수출 비교,수출중고차,,240,60,180,높음
수출 비교,러시아수출,,220,100,120,높음
수출 비교,수출차,,200,30,170,높음
수출 비교,스타렉스수출,,100,20,80,높음
수출 비교,폐차수출,,100,20,80,높음
수출 비교,SM5수출,,90,10,80,높음
수출 비교,수출폐차,,90,20,70,높음
수출 비교,전기차수출,,80,30,50,높음
수출 비교,화물차수출,,80,10,70,높음
수출 비교,중고차수출단지,,70,30,40,높음
수출 비교,SM3수출,,60,20,40,높음
수출 비교,스타리아수출,,60,10,50,높음
수출 비교,중고수출차,,60,10,50,높음
수출 비교,사고차수출,,55,< 10,50,높음
수출 비교,아반떼수출,,50,10,40,높음
수출 비교,중고차수출절차,,50,10,40,높음
수출 비교,자동차수출가격,예,45,< 10,40,높음
수출 비교,수출차량,,40,10,30,높음
수출 비교,자동차수출시세,예,35,< 10,30,높음
수출 비교,버스수출,,30,10,20,높음
수출 비교,수출중고차시세,예,25,< 10,20,높음
수출 비교,중고차폐차수출,,25,< 10,20,높음
수출 비교,중고화물차수출,,25,< 10,20,높음
수출 비교,택시수출,,25,< 10,20,높음
수출 비교,구급차수출,,20,10,10,높음
수출 비교,아반떼XD수출,,20,10,10,높음
수출 비교,중고차수출폐차,,20,10,10,높음
수출 비교,I40수출,,15,< 10,10,높음
수출 비교,마티즈수출,,15,< 10,10,낮음
수출 비교,수출자동차,,15,< 10,10,높음
수출 비교,수출차가격,예,15,< 10,10,높음
수출 비교,중고자동차수출절차,,15,< 10,10,높음
수출 비교,중고차수출업자,,15,< 10,10,높음
수출 비교,중장비수출,,15,< 10,10,높음
수출 비교,테라칸수출,,15,< 10,10,높음
수출 비교,그랜져TG수출,,10,< 10,< 10,높음
수출 비교,수출용중고차,,10,< 10,< 10,높음
수출 비교,자동차수출단가표,예,10,< 10,< 10,높음
수출 비교,자동차수출방법,,10,< 10,< 10,높음
수출 비교,폐차수출비교,,10,< 10,< 10,낮음
견인,폐차견인,,35,< 10,30,높음
근처·당일·주말(추가),근처폐차장,,390,20,370,높음
근처·당일·주말(추가),당일폐차,,25,< 10,20,높음
근처·당일·주말(추가),주말폐차,,15,< 10,10,중간
사고·침수차(추가),자동차사고,,2300,330,"1,970",높음
사고·침수차(추가),사고차매입,,2140,310,"1,830",높음
사고·침수차(추가),전손처리,,2080,440,"1,640",높음
사고·침수차(추가),미수선처리,,750,190,560,높음
사고·침수차(추가),사고차판매,,690,130,560,높음
사고·침수차(추가),차량사고,,460,80,380,높음
사고·침수차(추가),침수차,,320,60,260,높음
사고·침수차(추가),잔존물,,290,90,200,높음
사고·침수차(추가),미수선,,280,80,200,높음
사고·침수차(추가),사고차,,250,30,220,높음
사고·침수차(추가),전손차량,,210,50,160,높음
사고·침수차(추가),전손차량구매,,190,30,160,높음
사고·침수차(추가),사고차폐차,,150,40,110,높음
사고·침수차(추가),교통사고폐차,,130,10,120,높음
사고·침수차(추가),사고차량매입,,130,20,110,높음
사고·침수차(추가),사고차량판매,,130,30,100,높음
사고·침수차(추가),사고차경매,,110,30,80,높음
사고·침수차(추가),사고차량,,110,20,90,높음
사고·침수차(추가),사고차수리,,90,10,80,높음
사고·침수차(추가),사고차매매,,60,30,30,높음
사고·침수차(추가),잔존물경매,,60,30,30,높음
사고·침수차(추가),침수차판매,,35,< 10,30,높음
사고·침수차(추가),침수차량,,30,10,20,높음
사고·침수차(추가),전손차매입,,20,10,10,높음
사고·침수차(추가),자동차잔존물,,15,< 10,10,높음
사고·침수차(추가),전손차량판매,,15,< 10,10,높음
사고·침수차(추가),전손차판매,,15,< 10,10,높음
사고·침수차(추가),침수차폐차,,15,< 10,10,높음
사고·침수차(추가),사고오토바이매입,,10,< 10,< 10,높음
사고·침수차(추가),사고차량경매,,10,< 10,< 10,높음
사고·침수차(추가),사고차량매매,,10,< 10,< 10,높음
사고·침수차(추가),전손차량경매,,10,< 10,< 10,높음
서류·절차·말소(추가),말소,,2040,400,"1,640",높음
서류·절차·말소(추가),폐차서류,,1930,290,"1,640",높음
서류·절차·말소(추가),자동차폐차절차,,1790,400,"1,390",높음
서류·절차·말소(추가),자동차폐차서류,,650,110,540,높음
서류·절차·말소(추가),중고차팔때필요서류,,520,50,470,높음
서류·절차·말소(추가),자동차폐차방법,,470,110,360,높음
서류·절차·말소(추가),자동차말소,,400,100,300,높음
서류·절차·말소(추가),폐차절차,,360,100,260,높음
서류·절차·말소(추가),폐차시필요서류,,330,60,270,높음
서류·절차·말소(추가),자동차매도서류,,310,80,230,높음
서류·절차·말소(추가),차량말소,,300,90,210,높음
서류·절차·말소(추가),내차팔때서류,,290,20,270,높음
서류·절차·말소(추가),폐차하는법,,290,50,240,높음
서류·절차·말소(추가),폐차방법,,280,70,210,높음
서류·절차·말소(추가),차량폐차절차,,190,30,160,높음
서류·절차·말소(추가),차량폐차방법,,180,30,150,높음
서류·절차·말소(추가),자동차팔때서류,,160,10,150,높음
서류·절차·말소(추가),폐차대행,,160,20,140,높음
서류·절차·말소(추가),자동차폐차시필요서류,,120,30,90,높음
서류·절차·말소(추가),폐차신청,,120,20,100,높음
서류·절차·말소(추가),폐차필요서류,,100,20,80,높음
서류·절차·말소(추가),폐차하는방법,,100,20,80,높음
서류·절차·말소(추가),차폐차방법,,70,10,60,높음
서류·절차·말소(추가),폐차말소,,70,20,50,높음
서류·절차·말소(추가),폐차시서류,,70,10,60,높음
서류·절차·말소(추가),자동차폐차시서류,,60,10,50,높음
서류·절차·말소(추가),차량폐차서류,,60,20,40,높음
서류·절차·말소(추가),폐차과정,,60,10,50,높음
서류·절차·말소(추가),폐차신고,,60,20,40,높음
서류·절차·말소(추가),중고차파는방법,,50,10,40,높음
서류·절차·말소(추가),폐차처리방법,,45,< 10,40,높음
서류·절차·말소(추가),폐차처리,,35,< 10,30,높음
서류·절차·말소(추가),자동차폐차대행,,25,< 10,20,높음
서류·절차·말소(추가),폐차대행업체,,25,< 10,20,높음
서류·절차·말소(추가),폐차하기,,25,< 10,20,높음
서류·절차·말소(추가),폐차하려면,,25,< 10,20,높음
서류·절차·말소(추가),자동차폐차말소,,15,< 10,10,높음
서류·절차·말소(추가),자동차폐차신청,,10,< 10,< 10,높음
서류·절차·말소(추가),자동차폐차처리,,10,< 10,< 10,낮음
서류·절차·말소(추가),차량폐차신청,,10,< 10,< 10,높음
서류·절차·말소(추가),페차방법,,10,< 10,< 10,높음
서류·절차·말소(추가),폐차구비서류,,10,< 10,< 10,높음
서류·절차·말소(추가),폐차시구비서류,,10,< 10,< 10,높음
서류·절차·말소(추가),폐차진행,,10,< 10,< 10,높음
서류·절차·말소(추가),폐차처리절차,,10,< 10,< 10,높음
